HOLEID,PROJECTCODE,DEPTH,DIP,AZIMUTH,SURVTYPE
U382,CIG,0,8.2,160,COL
U382,CIG,30.6,8.4,160,RE_MS
U382,CIG,45.6,8.6,160,RE_MS
U382,CIG,60.6,8.6,160,RE_MS
U382,CIG,94.9,8.6,160,RE_MS
U427,CIG,0,3,335,COL
U427,CIG,15,2.2,329,RE_MS
U427,CIG,30,2.4,328.8,RE_MS
U427,CIG,45.5,2.1,327.7,RE_MS
U427,CIG,60,2,327.2,RE_MS
U427,CIG,75,1.7,325.8,RE_MS
U427,CIG,90.5,1.1,326.6,RE_MS
U427,CIG,105,1.1,328.4,RE_MS
U427,CIG,120.5,1,330.6,RE_MS
U427,CIG,135.5,1,332.2,RE_MS
U427,CIG,150,0.9,332.2,RE_MS
U427,CIG,165.5,0.8,332.2,RE_MS
U427,CIG,180.5,0.2,332.2,RE_MS
U427,CIG,195.5,0,332.2,RE_MS
U427,CIG,210.5,-0.3,332.2,RE_MS
U427,CIG,220,-0.8,332.2,RE_MS
CIG___164___,CIG,0,-90,0,
CIG___164___,CIG,8,-89.8,16,
CIG___164___,CIG,17,-89.7,88,
CIG___164___,CIG,26,-89.8,75,
CIG___164___,CIG,35,-89.9,283,
CIG___164___,CIG,44,-89.8,348,
CIG___164___,CIG,53,-89.8,15,
CIG___164___,CIG,62,-89.7,50,
CIG___164___,CIG,71,-89.5,137,
CIG___164___,CIG,80,-89.8,128,
CIG___164___,CIG,89,-89.7,130,
CIG___164___,CIG,98,-89.4,83,
CIG___164___,CIG,107,-89.5,105,
CIG___164___,CIG,116,-89.4,115,
CIG___164___,CIG,125,-89.5,105,
CIG___164___,CIG,134,-89.3,85,
CIG___164___,CIG,143,-89.3,96,
CIG___164___,CIG,152,-89.2,125,
CIG___164___,CIG,161,-89.3,83,
CIG___164___,CIG,170,-89.3,110,
CIG___164___,CIG,179,-89.2,80,
CIG___164___,CIG,187,-89.2,75,
CIG___164___,CIG,188,-89,102,
CIG___164___,CIG,196,-89.4,61,
CIG___164___,CIG,197,-89.4,105,
CIG___164___,CIG,206,-89.3,120,
CIG___164___,CIG,215,-89.3,74,
CIG___164___,CIG,224,-89.4,121,
CIG___164___,CIG,233,-89.5,93,
CIG___164___,CIG,242,-89.2,88,
CIG___164___,CIG,251,-89.4,70,
CIG___164___,CIG,260,-89.3,116,
CIG___164___,CIG,269,-89.4,63,
CIG___164___,CIG,278,-89.3,106,
CIG___164___,CIG,305,-89.4,93,
CIG___164___,CIG,314,-89.2,71,
CIG___164___,CIG,323,-89.3,64,
CIG___164___,CIG,332,-89.4,91,
CIG___164___,CIG,341,-89.3,93,
CIG___164___,CIG,350,-89.2,65,
CIG___164___,CIG,359,-89.4,55,
CIG___164___,CIG,368,-89.2,93,
CIG___164___,CIG,377,-89.2,84,
CIG___164___,CIG,386,-89.1,83,
CIG___164___,CIG,395,-89.2,63,
CIG___164___,CIG,404,-89.2,75,
CIG___164___,CIG,413,-89.2,88,
CIG___164___,CIG,422,-89.3,54,
CIG___164___,CIG,431,-89,96,
CIG___164___,CIG,440,-89.2,69,
CIG___164___,CIG,449,-89.1,76,
CIG___164___,CIG,458,-89,69,
CIG___164___,CIG,467,-89,76,
CIG___164___,CIG,476,-89,88,
CIG___164___,CIG,485,-89,73,
CIG___164___,CIG,494,-89.2,73,
CIG___164___,CIG,503,-89.2,83,
CIG___165___,CIG,0,-90,0,
CIG___165___,CIG,42,-88.6,194,
CIG___165___,CIG,51,-88.6,200,
CIG___165___,CIG,60,-88.5,193,
CIG___165___,CIG,69,-88.7,193,
CIG___165___,CIG,78,-88.4,198,
CIG___165___,CIG,87,-88.5,194,
CIG___165___,CIG,96,-88.5,202,
CIG___165___,CIG,105,-88.4,190,
CIG___165___,CIG,114,-88.6,197,
CIG___165___,CIG,123,-88.4,198,
CIG___165___,CIG,132,-88.3,197,
CIG___165___,CIG,141,-88.2,199,
CIG___165___,CIG,150,-88.4,193,
CIG___165___,CIG,159,-88.3,203,
CIG___165___,CIG,168,-88.4,193,
CIG___165___,CIG,177,-88.4,205,
CIG___165___,CIG,186,-88.2,193,
CIG___165___,CIG,195,-88.4,195,
CIG___165___,CIG,204,-88.2,203,
CIG___165___,CIG,213,-88.1,196,
CIG___165___,CIG,222,-88.2,203,
CIG___165___,CIG,231,-87.9,200,
CIG___165___,CIG,240,-88,196,
CIG___165___,CIG,249,-88,205,
CIG___165___,CIG,258,-87.8,194,
CIG___165___,CIG,267,-87.8,205,
CIG___165___,CIG,276,-87.7,195,
CIG___165___,CIG,285,-88,196,
CIG___165___,CIG,294,-87.8,203,
CIG___165___,CIG,303,-87.8,196,
CIG___165___,CIG,312,-87.8,203,
CIG___165___,CIG,321,-87.7,196,
CIG___165___,CIG,330,-88,200,
CIG___165___,CIG,339,-87.7,199,
CIG___165___,CIG,348,-87.9,195,
CIG___165___,CIG,357,-87.8,202,
CIG___165___,CIG,366,-87.9,194,
CIG___165___,CIG,375,-87.8,203,
CIG___165___,CIG,384,-87.8,193,
CIG___165___,CIG,393,-88,202,
CIG___165___,CIG,402,-87.7,195,
CIG___165___,CIG,411,-88,195,
CIG___165___,CIG,420,-87.8,199,
CIG___165___,CIG,429,-88,195,
CIG___165___,CIG,438,-87.8,202,
CIG___165___,CIG,447,-88,193,
CIG___165___,CIG,456,-87.8,200,
CIG___165___,CIG,465,-88.1,200,
CIG___165___,CIG,474,-87.8,190,
CIG___165___,CIG,483,-88,205,
CIG___165___,CIG,492,-88.1,194,
CIG___165___,CIG,501,-87.9,197,
CIG___165___,CIG,510,-88.2,209,
CIG___165___,CIG,520.7,-88.3,195,
CIG___166___,CIG,0,-90,0,
CIG___166___,CIG,12,-89.7,274,
CIG___166___,CIG,21,-89.4,333,
CIG___166___,CIG,30,-89.3,348,
CIG___166___,CIG,39,-89.3,44,
CIG___166___,CIG,48,-89.3,46,
CIG___166___,CIG,57,-89.9,158,
CIG___166___,CIG,66,-89.4,353,
CIG___166___,CIG,75,-89.6,80,
CIG___166___,CIG,84,-89.6,301,
CIG___166___,CIG,93,-89.3,11,
CIG___166___,CIG,102,-89.9,37,
CIG___166___,CIG,111,-89.4,355,
CIG___166___,CIG,120,-89.5,50,
CIG___166___,CIG,129,-89.9,338,
CIG___166___,CIG,138,-89.3,34,
CIG___166___,CIG,147,-89.3,33,
CIG___166___,CIG,156,-89.7,352,
CIG___166___,CIG,165,-89.2,16,
CIG___166___,CIG,174,-89.7,20,
CIG___166___,CIG,183,-89.2,29,
CIG___166___,CIG,192,-89.6,15,
CIG___166___,CIG,201,-89.2,17,
CIG___166___,CIG,210,-89.6,43,
CIG___166___,CIG,219,-89.4,5,
CIG___166___,CIG,228,-89.3,49,
CIG___166___,CIG,237,-89.5,11,
CIG___166___,CIG,246,-89.6,31,
CIG___166___,CIG,255,-89.2,9,
CIG___166___,CIG,264,-89.5,25,
CIG___166___,CIG,273,-89.2,21,
CIG___166___,CIG,282,-89.5,35,
CIG___166___,CIG,291,-89.2,21,
CIG___166___,CIG,300,-89.4,13,
CIG___166___,CIG,309,-89.1,35,
CIG___166___,CIG,318,-89.4,48,
CIG___166___,CIG,327,-89.2,20,
CIG___166___,CIG,336,-89.2,53,
CIG___166___,CIG,345,-89.1,28,
CIG___166___,CIG,354,-89.2,18,
CIG___166___,CIG,363,-89.3,44,
CIG___166___,CIG,372,-89.1,44,
CIG___166___,CIG,381,-89.2,23,
CIG___166___,CIG,390,-89.3,27,
CIG___166___,CIG,399,-89.3,14,
CIG___166___,CIG,408,-89.2,9,
CIG___166___,CIG,417,-89.2,36,
CIG___166___,CIG,426,-89.1,23,
CIG___166___,CIG,435,-89.1,50,
CIG___166___,CIG,444,-89.2,48,
CIG___166___,CIG,453,-89.2,33,
CIG___166___,CIG,462,-89.3,45,
CIG___166___,CIG,471,-88.8,37,
CIG___166___,CIG,480,-89.2,37,
CIG___166___,CIG,489,-89,40,
CIG___166___,CIG,498,-89.3,46,
CIG___166___,CIG,507,-89.4,40,
CIG___166___,CIG,516,-89.2,46,
CIG___167___,CIG,0,-90,0,
CIG___167___,CIG,209,-90,0,
CIG___168___,CIG,0,-90,0,
CIG___168___,CIG,13,-89.6,57,
CIG___168___,CIG,22,-89.5,314,
CIG___168___,CIG,31,-89.7,148,
CIG___168___,CIG,40,-89.3,29,
CIG___168___,CIG,49,-89.7,117,
CIG___168___,CIG,67,-89.5,61,
CIG___168___,CIG,76,-89.6,333,
CIG___168___,CIG,85,-89.6,96,
CIG___168___,CIG,94,-89.4,14,
CIG___168___,CIG,103,-89.8,170,
CIG___168___,CIG,112,-89.3,29,
CIG___168___,CIG,121,-89.8,208,
CIG___168___,CIG,130,-89.4,343,
CIG___168___,CIG,139,-89.4,78,
CIG___168___,CIG,148,-89.6,312,
CIG___168___,CIG,157,-89.6,97,
CIG___168___,CIG,166,-89.4,9,
CIG___168___,CIG,175,-89.6,98,
CIG___168___,CIG,184,-89.3,29,
CIG___168___,CIG,193,-89.9,114,
CIG___168___,CIG,202,-89.5,5,
CIG___168___,CIG,211,-89.1,63,
CIG___168___,CIG,220,-89.6,108,
CIG___168___,CIG,229,-89,38,
CIG___168___,CIG,238,-89,71,
CIG___168___,CIG,247,-89,29,
CIG___168___,CIG,256,-88.7,61,
CIG___168___,CIG,265,-89.4,31,
CIG___168___,CIG,274,-88.8,53,
CIG___168___,CIG,283,-89.4,40,
CIG___168___,CIG,292,-89.2,31,
CIG___168___,CIG,301,-88.7,63,
CIG___168___,CIG,310,-89.3,51,
CIG___168___,CIG,319,-88.7,60,
CIG___168___,CIG,328,-89.3,58,
CIG___168___,CIG,337,-88.9,32,
CIG___168___,CIG,346,-88.6,55,
CIG___168___,CIG,355,-89.3,57,
CIG___168___,CIG,364,-88.7,44,
CIG___168___,CIG,373,-88.8,68,
CIG___168___,CIG,382,-89.3,33,
CIG___168___,CIG,391,-89,65,
CIG___168___,CIG,400,-88.7,67,
CIG___168___,CIG,409,-89,94,
CIG___168___,CIG,418,-89.3,75,
CIG___168___,CIG,427,-88.4,92,
CIG___168___,CIG,436,-89,107,
CIG___168___,CIG,445,-88.6,112,
CIG___168___,CIG,454,-89,122,
CIG___169___,CIG,0,-90,0,
CIG___169___,CIG,57,-89.6,148,
CIG___169___,CIG,60,-89.5,155,
CIG___169___,CIG,63,-89.4,120,
CIG___169___,CIG,66,-89.6,128,
CIG___169___,CIG,69,-89.6,130,
CIG___169___,CIG,78,-89.6,131,
CIG___169___,CIG,87,-89.4,133,
CIG___169___,CIG,96,-89.4,127,
CIG___169___,CIG,105,-89.4,156,
CIG___169___,CIG,114,-89.2,120,
CIG___169___,CIG,123,-89.2,113,
CIG___169___,CIG,132,-89.4,127,
CIG___169___,CIG,141,-89,120,
CIG___169___,CIG,150,-89,105,
CIG___169___,CIG,159,-89.2,121,
CIG___169___,CIG,168,-89.2,110,
CIG___169___,CIG,177,-89.4,116,
CIG___169___,CIG,186,-88.8,107,
CIG___169___,CIG,195,-89.3,105,
CIG___169___,CIG,204,-89.3,128,
CIG___169___,CIG,213,-89,115,
CIG___169___,CIG,222,-89.2,111,
CIG___169___,CIG,231,-89.2,116,
CIG___169___,CIG,240,-89,110,
CIG___169___,CIG,249,-89.4,92,
CIG___169___,CIG,258,-89,114,
CIG___169___,CIG,267,-89.4,91,
CIG___169___,CIG,276,-89.2,121,
CIG___169___,CIG,285,-89,110,
CIG___169___,CIG,294,-89.4,115,
CIG___169___,CIG,303,-89,114,
CIG___169___,CIG,312,-89.4,85,
CIG___169___,CIG,321,-89,110,
CIG___169___,CIG,330,-89.4,83,
CIG___169___,CIG,339,-89,111,
CIG___169___,CIG,348,-89.4,82,
CIG___169___,CIG,357,-89,109,
CIG___169___,CIG,366,-89.5,103,
CIG___169___,CIG,375,-89,97,
CIG___169___,CIG,384,-89.3,108,
CIG___169___,CIG,402,-89,94,
CIG___169___,CIG,411,-89.4,88,
CIG___169___,CIG,420,-89,80,
CIG___169___,CIG,429,-89.2,91,
CIG___169___,CIG,438,-89.2,86,
CIG___169___,CIG,447,-88.8,83,
CIG___169___,CIG,456,-88.8,101,
CIG___169___,CIG,465,-89.2,105,
CIG___169___,CIG,474,-89.1,78,
CIG___169___,CIG,483,-89.1,78,
CIG___169___,CIG,492,-89.2,88,
CIG___169___,CIG,501,-89.2,46,
CIG___169___,CIG,513.5,-89,63,
SF719_13,CIG,0,-87.79,274.18,
SF719_13,CIG,12,-87.54,267.89,
SF719_13,CIG,24,-87.25,272.89,
SF719_13,CIG,36,-87,275.57,
SF719_13,CIG,48,-86.96,277.36,
SF719_13,CIG,60,-87.24,274.6,
SF719_13,CIG,72,-85.92,279.98,
SF719_13,CIG,84,-85.83,284.21,
SF719_13,CIG,96,-84.79,283.13,
SF719_13,CIG,108,-84.87,283.81,
SF719_13,CIG,120,-84.99,286.65,
SF719_13,CIG,132,-84.78,283.51,
SF719_13,CIG,144,-84.82,283.01,
SF719_13,CIG,156,-85.07,282.98,
SF719_13,CIG,168,-84.78,283.65,
SF719_13,CIG,180,-84.81,283.42,
SF719_13,CIG,192,-84.85,283.14,
SF719_13,CIG,204,-84.83,283.32,
SF719_13,CIG,216,-84.95,283.08,
SF719_13,CIG,228,-84.85,283.88,
SF719_13,CIG,240,-84.83,285.23,
SF719_13,CIG,252,-84.76,285.45,
SF719_13,CIG,264,-84.73,285.94,
SF719_13,CIG,276,-84.67,286.79,
SF719_13,CIG,288,-84.8,289.07,
SF719_13,CIG,300,-85.72,283.95,
SF719_13,CIG,312,-85.85,276.22,
SF719_13,CIG,324,-85.85,280.82,
SF719_13,CIG,336,-85.83,279.29,
SF719_13,CIG,348,-85.95,284.38,
SF719_13,CIG,360,-85.83,281.93,
SF719_13,CIG,372,-85.9,281.72,
SF719_13,CIG,384,-86.03,281.67,
SF719_13,CIG,396,-85.92,282.42,
SF719_13,CIG,408,-85.87,282.06,
SF719_13,CIG,420,-86.19,285.25,
SF719_13,CIG,432,-86.11,283.55,
SF719_13,CIG,444,-86.28,281.82,
SF719_13,CIG,456,-86.21,280.54,
SF725_10,CIG,0,-87.31,273.71,
SF725_10,CIG,12,-87.63,276.44,
SF725_10,CIG,24,-87.91,269.61,
SF725_10,CIG,36,-87.83,265.63,
SF725_10,CIG,48,-87.83,261.95,
SF725_10,CIG,60,-86.23,282.77,
SF725_10,CIG,72,-86.29,282.18,
SF725_10,CIG,84,-86.41,284.43,
SF725_10,CIG,96,-86.4,282.63,
SF725_10,CIG,108,-86.32,285.06,
SF725_10,CIG,120,-86.42,284.32,
SF725_10,CIG,132,-86.42,284.55,
SF725_10,CIG,144,-86.41,283.78,
SF725_10,CIG,156,-86.46,284.54,
SF725_10,CIG,168,-86.38,283.7,
SF725_10,CIG,180,-86.35,285.15,
SF725_10,CIG,192,-86.27,281.18,
SF725_10,CIG,204,-86.32,282.39,
SF725_10,CIG,216,-86.25,284.21,
SF725_10,CIG,228,-86.33,284.24,
SF725_10,CIG,240,-86.54,287.93,
SF725_10,CIG,252,-86.5,290.3,
SF725_10,CIG,264,-86.27,290.65,
SF725_10,CIG,276,-86.45,290.36,
SF725_10,CIG,288,-86.4,293.18,
SF725_10,CIG,300,-85.9,300.63,
SF725_10,CIG,312,-87.09,308.59,
SF725_10,CIG,324,-87.32,289.72,
SF725_10,CIG,336,-86.81,273.19,
SF725_10,CIG,348,-86.87,282.83,
SF725_10,CIG,360,-86.62,284.59,
SF725_10,CIG,372,-86.67,282.69,
SF725_10,CIG,384,-85.91,277.79,
SF725_10,CIG,396,-85.53,275.92,
SF725_10,CIG,408,-85.75,278.89,
SF725_10,CIG,420,-85.69,280.43,
SF725_10,CIG,432,-85.83,278.2,
SF725_10,CIG,444,-85.73,279.01,
SF725_10,CIG,456,-85.82,280.72,
SF731_05,CIG,0,-88.42,273.99,
SF731_05,CIG,12,-88.18,261.77,
SF731_05,CIG,24,-88.73,247.82,
SF731_05,CIG,36,-88.6,260.1,
SF731_05,CIG,48,-88.63,258.44,
SF731_05,CIG,60,-88.08,284.25,
SF731_05,CIG,72,-87.5,296.22,
SF731_05,CIG,84,-86.25,290.82,
SF731_05,CIG,96,-86.09,287.99,
SF731_05,CIG,108,-86.08,293.92,
SF731_05,CIG,120,-86.31,291.42,
SF731_05,CIG,132,-86.22,295.13,
SF731_05,CIG,144,-86.14,295.46,
SF731_05,CIG,156,-86.07,296.6,
SF731_05,CIG,168,-86.67,291.13,
SF731_05,CIG,180,-87.18,276.84,
SF731_05,CIG,192,-87.12,272.09,
SF731_05,CIG,204,-87.22,283.52,
SF731_05,CIG,216,-87.07,275.39,
SF731_05,CIG,228,-86.47,278.49,
SF731_05,CIG,240,-86.63,283.19,
SF731_05,CIG,252,-86.6,281.96,
SF731_05,CIG,264,-86.64,283.97,
SF731_05,CIG,276,-86.6,284.98,
SF731_05,CIG,288,-86.48,282.9,
SF731_05,CIG,300,-86.49,282.85,
SF731_05,CIG,312,-86.36,283.47,
SF731_05,CIG,324,-86.3,282.69,
SF731_05,CIG,336,-86.3,285.44,
SF731_05,CIG,348,-86.38,282.97,
SF731_05,CIG,360,-86.47,283.88,
SF731_05,CIG,372,-86.54,278.47,
SF731_05,CIG,384,-86.31,279.05,
SF731_05,CIG,396,-86.6,283.79,
SF731_05,CIG,408,-86.41,282.53,
SF731_05,CIG,420,-86.41,285.19,
SF731_05,CIG,432,-86.4,288.68,
SF731_05,CIG,444,-86.31,288.09,
SF731_05,CIG,456,-86.51,283.55,
SF737_05,CIG,0,-88.24,292.64,
SF737_05,CIG,12,-88.35,287.99,
SF737_05,CIG,24,-88.25,286.09,
SF737_05,CIG,36,-88.63,288.87,
SF737_05,CIG,48,-88.6,283.48,
SF737_05,CIG,60,-88.7,288.9,
SF737_05,CIG,72,-86.77,285.87,
SF737_05,CIG,84,-86.99,289.61,
SF737_05,CIG,96,-86.88,259.49,
SF737_05,CIG,108,-86.83,259.48,
SF737_05,CIG,120,-87.02,258.07,
SF737_05,CIG,132,-87.01,259.61,
SF737_05,CIG,144,-87.04,258.68,
SF737_05,CIG,156,-87.04,258.96,
SF737_05,CIG,168,-86.9,259.41,
SF737_05,CIG,180,-87.02,261.99,
SF737_05,CIG,192,-87.04,261.3,
SF737_05,CIG,204,-86.86,262.05,
SF737_05,CIG,216,-86.8,262.42,
SF737_05,CIG,228,-86.79,261.96,
SF737_05,CIG,240,-86.82,262.21,
SF737_05,CIG,252,-86.87,265.19,
SF737_05,CIG,264,-86.88,262.14,
SF737_05,CIG,276,-86.85,262.95,
SF737_05,CIG,288,-86.91,263.78,
SF737_05,CIG,300,-86.73,260.75,
SF737_05,CIG,312,-86.82,259.12,
SF737_05,CIG,324,-86.83,259.52,
SF737_05,CIG,336,-86.71,290.5,
SF737_05,CIG,348,-86.6,293.17,
SF737_05,CIG,360,-86.93,291.48,
SF737_05,CIG,372,-87.83,296.88,
SF737_05,CIG,384,-87.13,286.37,
SF737_05,CIG,396,-87.13,289.76,
SF737_05,CIG,408,-87.06,286.75,
SF737_05,CIG,420,-87.09,287.37,
SF737_05,CIG,432,-87.01,281.46,
SF737_05,CIG,444,-86.94,282.74,
SF737_05,CIG,456,-86.79,279.72,
SF742_09,CIG,0,-88.46,264.69,
SF742_09,CIG,12,-88.48,272.58,
SF742_09,CIG,24,-88.64,261.23,
SF742_09,CIG,36,-88.73,284.87,
SF742_09,CIG,48,-88.78,274.25,
SF742_09,CIG,60,-88.68,276.43,
SF742_09,CIG,72,-87.47,276.22,
SF742_09,CIG,84,-87.89,278.16,
SF742_09,CIG,96,-87.57,277.07,
SF742_09,CIG,108,-87.94,284.37,
SF742_09,CIG,120,-86.84,270.83,
SF742_09,CIG,132,-86.86,273.66,
SF742_09,CIG,144,-86.73,281.51,
SF742_09,CIG,156,-86.88,280.18,
SF742_09,CIG,168,-87.01,278.87,
SF742_09,CIG,180,-86.7,279.7,
SF742_09,CIG,192,-86.71,277.1,
SF742_09,CIG,204,-86.87,275.75,
SF742_09,CIG,216,-86.9,283.63,
SF742_09,CIG,228,-86.9,283.02,
SF742_09,CIG,240,-88.07,285.28,
SF742_09,CIG,252,-88.03,251.83,
SF742_09,CIG,264,-88.05,249.3,
SF742_09,CIG,276,-88.18,249.6,
SF742_09,CIG,288,-88.21,252.89,
SF742_09,CIG,300,-87.81,253.22,
SF742_09,CIG,312,-88.07,265.37,
SF742_09,CIG,324,-88.06,265.17,
SF742_09,CIG,336,-88.2,264.01,
SF742_09,CIG,348,-87.91,267.05,
SF742_09,CIG,360,-87.95,266.22,
SF742_09,CIG,372,-88.23,269.39,
SF742_09,CIG,384,-88.22,261.69,
SF742_09,CIG,396,-88.19,273.58,
SF742_09,CIG,408,-88.3,266.86,
SF742_09,CIG,420,-88.2,271.83,
SF742_09,CIG,432,-88.17,275.47,
SF742_09,CIG,444,-88.24,276.95,
SF742_09,CIG,456,-88.63,276.34,
SF910_02,CIG,0,-87.27,116.73,
SF910_02,CIG,12,-87.13,107.27,
SF910_02,CIG,24,-87.08,110.8,
SF910_02,CIG,36,-87.39,111.28,
SF910_02,CIG,48,-87.21,109.2,
SF910_02,CIG,60,-86.4,90.82,
SF910_02,CIG,72,-86.33,89.68,
SF910_02,CIG,84,-85.49,89.37,
SF910_02,CIG,96,-85.72,92.21,
SF910_02,CIG,108,-85.7,107.14,
SF910_02,CIG,120,-84.66,97.38,
SF910_02,CIG,132,-83.84,90.99,
SF910_02,CIG,144,-83.85,88.38,
SF910_02,CIG,156,-83.89,90.41,
SF910_02,CIG,168,-83.94,91.58,
SF910_02,CIG,180,-83.89,91.89,
SF910_02,CIG,192,-83.9,91.15,
SF910_02,CIG,204,-83.85,90.4,
SF910_02,CIG,216,-83.81,92.6,
SF910_02,CIG,228,-83.73,93.85,
SF910_02,CIG,240,-83.74,94.88,
SF910_02,CIG,252,-83.8,95.86,
SF910_02,CIG,264,-83.77,96.49,
SF910_02,CIG,276,-83.84,97.78,
SF910_02,CIG,288,-84.25,92.88,
SF910_02,CIG,300,-84.6,86.73,
SF910_02,CIG,312,-84.9,81.69,
SF910_02,CIG,324,-83.87,66.56,
SF910_02,CIG,336,-83.94,67.03,
SF910_02,CIG,348,-84,68.08,
SF910_02,CIG,360,-84.14,69.37,
SF910_02,CIG,372,-84.14,68.87,
SF910_02,CIG,384,-84.13,68.43,
SF910_02,CIG,396,-84.07,67.99,
SF910_02,CIG,408,-83.96,69.76,
SF910_02,CIG,420,-83.64,68.32,
SF910_02,CIG,432,-83.87,68.86,
SF910_02,CIG,444,-83.9,68.89,
SF910_02,CIG,456,-83.82,70.27,
SF910_07,CIG,0,-88.73,80.16,
SF910_07,CIG,12,-88.23,71.3,
SF910_07,CIG,24,-88.02,65,
SF910_07,CIG,36,-88.09,74.05,
SF910_07,CIG,48,-87.93,67.32,
SF910_07,CIG,60,-86.71,81.05,
SF910_07,CIG,72,-86.25,73.89,
SF910_07,CIG,84,-85.14,72.55,
SF910_07,CIG,96,-83.91,72.15,
SF910_07,CIG,108,-83.68,76.19,
SF910_07,CIG,120,-83.68,79.23,
SF910_07,CIG,132,-83.74,84.19,
SF910_07,CIG,144,-83.77,84.14,
SF910_07,CIG,156,-83.65,83.83,
SF910_07,CIG,168,-84.01,88.41,
SF910_07,CIG,180,-84.01,88.1,
SF910_07,CIG,192,-83.61,85.42,
SF910_07,CIG,204,-83.97,86.14,
SF910_07,CIG,216,-83.53,85.08,
SF910_07,CIG,228,-83.96,88.33,
SF910_07,CIG,240,-83.43,87.31,
SF910_07,CIG,252,-83.64,84.56,
SF910_07,CIG,264,-83.46,84.66,
SF910_07,CIG,276,-83.41,83.84,
SF910_07,CIG,288,-83.38,83.87,
SF910_07,CIG,300,-83.45,90.14,
SF910_07,CIG,312,-83.77,90.33,
SF910_07,CIG,324,-83.91,92.7,
SF910_07,CIG,336,-84.36,87.21,
SF910_07,CIG,348,-84.71,91.52,
SF910_07,CIG,360,-84.94,87.6,
SF910_07,CIG,372,-84.81,84.95,
SF910_07,CIG,384,-84.91,84.17,
SF910_07,CIG,396,-84.83,83.6,
SF910_07,CIG,408,-85.22,90,
SF910_07,CIG,420,-85.04,84.06,
SF910_07,CIG,432,-85,84.25,
SF910_07,CIG,444,-84.91,88.07,
SF910_07,CIG,456,-84.88,86.73,
SF910_08,CIG,0,-87.41,100.02,
SF910_08,CIG,12,-87.51,96.68,
SF910_08,CIG,24,-87,95.76,
SF910_08,CIG,36,-86.86,95.12,
SF910_08,CIG,48,-87.03,93.53,
SF910_08,CIG,60,-86.04,95.94,
SF910_08,CIG,72,-85.93,92.86,
SF910_08,CIG,84,-84.25,95.45,
SF910_08,CIG,96,-84.2,96,
SF910_08,CIG,108,-84.13,93.81,
SF910_08,CIG,120,-84.18,95.3,
SF910_08,CIG,132,-83.94,84.07,
SF910_08,CIG,144,-83.87,82.46,
SF910_08,CIG,156,-83.85,82.52,
SF910_08,CIG,168,-83.88,84.82,
SF910_08,CIG,180,-83.95,82.44,
SF910_08,CIG,192,-83.98,83.69,
SF910_08,CIG,204,-83.91,81.91,
SF910_08,CIG,216,-83.84,82.71,
SF910_08,CIG,228,-83.83,84.17,
SF910_08,CIG,240,-83.87,85.11,
SF910_08,CIG,252,-83.83,82.67,
SF910_08,CIG,264,-83.87,85.59,
SF910_08,CIG,276,-83.75,84.94,
SF910_08,CIG,288,-83.71,85.34,
SF910_08,CIG,300,-83.58,83.48,
SF910_08,CIG,312,-83.43,83.11,
SF910_08,CIG,324,-83.42,83.48,
SF910_08,CIG,336,-83.5,83.59,
SF910_08,CIG,348,-83.53,82.92,
SF910_08,CIG,360,-84.29,81.56,
SF910_08,CIG,372,-85.34,62.63,
SF910_08,CIG,384,-84.71,62.99,
SF910_08,CIG,396,-83.98,69.49,
SF910_08,CIG,408,-83.34,79.77,
SF910_08,CIG,420,-84.61,90.79,
SF910_08,CIG,432,-84.68,91.72,
SF910_08,CIG,444,-84.51,91.86,
SF910_08,CIG,456,-84.42,90.19,
SF910_09,CIG,0,-88.26,84.87,
SF910_09,CIG,12,-88.01,85.55,
SF910_09,CIG,24,-88.28,76.98,
SF910_09,CIG,36,-88.38,67.76,
SF910_09,CIG,48,-88.24,69.53,
SF910_09,CIG,60,-87.24,71.02,
SF910_09,CIG,72,-85.1,78.56,
SF910_09,CIG,84,-84.12,83.09,
SF910_09,CIG,96,-83.84,81.01,
SF910_09,CIG,108,-83.82,82.25,
SF910_09,CIG,120,-83.74,81.35,
SF910_09,CIG,132,-83.79,82.4,
SF910_09,CIG,144,-83.8,82.65,
SF910_09,CIG,156,-83.84,82.38,
SF910_09,CIG,168,-83.9,82.01,
SF910_09,CIG,180,-83.89,81.83,
SF910_09,CIG,192,-84.02,82.13,
SF910_09,CIG,204,-84.04,82.32,
SF910_09,CIG,216,-84.08,82.46,
SF910_09,CIG,228,-83.97,81.33,
SF910_09,CIG,240,-83.98,82.25,
SF910_09,CIG,252,-83.97,81.34,
SF910_09,CIG,264,-84.28,87.77,
SF910_09,CIG,276,-84.43,91.18,
SF910_09,CIG,288,-84.44,89.74,
SF910_09,CIG,300,-84.57,92.31,
SF910_09,CIG,312,-84.52,92.31,
SF910_09,CIG,324,-84.55,91.06,
SF910_09,CIG,336,-84.58,91.18,
SF910_09,CIG,348,-84.6,90.53,
SF910_09,CIG,360,-84.65,89.87,
SF910_09,CIG,372,-84.69,91.11,
SF910_09,CIG,384,-84.71,90.37,
SF910_09,CIG,396,-84.7,89.08,
SF910_09,CIG,408,-84.66,87.07,
SF910_09,CIG,420,-84.55,88.35,
SF910_09,CIG,432,-84.47,86.35,
SF910_09,CIG,444,-84.51,87.03,
SF910_09,CIG,456,-84.53,87.02,
SF910_10,CIG,0,-88.6,92.93,
SF910_10,CIG,12,-88.17,94.86,
SF910_10,CIG,24,-88.46,102.67,
SF910_10,CIG,36,-88.56,106.42,
SF910_10,CIG,48,-88.47,105.4,
SF910_10,CIG,60,-87.23,87.48,
SF910_10,CIG,72,-87.18,91.25,
SF910_10,CIG,84,-85.37,90.85,
SF910_10,CIG,96,-83.92,85.58,
SF910_10,CIG,108,-83.71,85.44,
SF910_10,CIG,120,-83.81,84.56,
SF910_10,CIG,132,-83.85,85.2,
SF910_10,CIG,144,-83.78,86.6,
SF910_10,CIG,156,-83.84,85.61,
SF910_10,CIG,168,-83.86,85.81,
SF910_10,CIG,180,-83.72,85.69,
SF910_10,CIG,192,-83.87,85.96,
SF910_10,CIG,204,-83.79,88.76,
SF910_10,CIG,216,-83.86,85.19,
SF910_10,CIG,228,-83.86,87.4,
SF910_10,CIG,240,-83.82,86.26,
SF910_10,CIG,252,-83.85,87.66,
SF910_10,CIG,264,-83.93,86.72,
SF910_10,CIG,276,-83.81,86.27,
SF910_10,CIG,288,-83.64,89.81,
SF910_10,CIG,300,-83.42,89.07,
SF910_10,CIG,312,-83.56,88.39,
SF910_10,CIG,324,-83.56,88.55,
SF910_10,CIG,336,-83.66,89.23,
SF910_10,CIG,348,-83.84,88.64,
SF910_10,CIG,360,-84.95,84.88,
SF910_10,CIG,372,-85.26,86.73,
SF910_10,CIG,384,-85.16,87.66,
SF910_10,CIG,396,-85.2,87.55,
SF910_10,CIG,408,-85.13,85.88,
SF910_10,CIG,420,-85.31,86.97,
SF910_10,CIG,432,-85.29,87.51,
SF910_10,CIG,444,-85.39,86.99,
SF910_10,CIG,456,-85.53,86.43,
SF910_18,CIG,0,-87.92,102.11,
SF910_18,CIG,12,-87.94,94.12,
SF910_18,CIG,24,-88.13,93.78,
SF910_18,CIG,36,-88.12,88.78,
SF910_18,CIG,48,-88.22,82.08,
SF910_18,CIG,60,-87.24,87.52,
SF910_18,CIG,72,-87.11,89.87,
SF910_18,CIG,84,-86.07,93.07,
SF910_18,CIG,96,-85.97,93.09,
SF910_18,CIG,108,-84.81,89.47,
SF910_18,CIG,120,-84.19,92.12,
SF910_18,CIG,132,-83.25,93.11,
SF910_18,CIG,144,-83.36,90.92,
SF910_18,CIG,156,-83.25,92.7,
SF910_18,CIG,168,-83.2,94.3,
SF910_18,CIG,180,-83.27,91.96,
SF910_18,CIG,192,-83.06,93.91,
SF910_18,CIG,204,-83.01,93.42,
SF910_18,CIG,216,-82.96,92.09,
SF910_18,CIG,228,-83.02,93.59,
SF910_18,CIG,240,-82.87,94.23,
SF910_18,CIG,252,-82.76,94.7,
SF910_18,CIG,264,-82.89,91.88,
SF910_18,CIG,276,-83.01,87.45,
SF910_18,CIG,288,-83.84,79.52,
SF910_18,CIG,300,-83.62,73.69,
SF910_18,CIG,312,-84.45,71.7,
SF910_18,CIG,324,-84.82,61.93,
SF910_18,CIG,336,-84.5,76.09,
SF910_18,CIG,348,-84.28,83.24,
SF910_18,CIG,360,-84.4,81.06,
SF910_18,CIG,372,-84.28,82.43,
SF910_18,CIG,384,-84.33,83.39,
SF910_18,CIG,396,-84.31,82.31,
SF910_18,CIG,408,-84.32,81.43,
SF910_18,CIG,420,-84.34,80.79,
SF910_18,CIG,432,-84.48,79.8,
SF910_18,CIG,444,-84.47,82.1,
SF910_18,CIG,456,-84.54,80.62,
ST896_12,CIG,0,-87.9,65.55,
ST896_12,CIG,12,-87.75,62.92,
ST896_12,CIG,24,-87.99,61.85,
ST896_12,CIG,36,-88.67,42.6,
ST896_12,CIG,48,-88.68,36.31,
ST896_12,CIG,60,-87.85,75.92,
ST896_12,CIG,72,-87.82,75.77,
ST896_12,CIG,84,-85.98,82.85,
ST896_12,CIG,96,-85.96,84.17,
ST896_12,CIG,108,-85.92,80.25,
ST896_12,CIG,120,-85.84,79.96,
ST896_12,CIG,132,-85.94,83.2,
ST896_12,CIG,144,-85.91,81.99,
ST896_12,CIG,156,-85.85,80.82,
ST896_12,CIG,168,-85.8,80.19,
ST896_12,CIG,180,-85.78,84.28,
ST896_12,CIG,192,-85.76,82.61,
ST896_12,CIG,204,-85.62,82.31,
ST896_12,CIG,216,-85.76,84.69,
ST896_12,CIG,228,-85.92,85.58,
ST896_12,CIG,240,-85.96,83.44,
ST896_12,CIG,252,-86.12,85.26,
ST896_12,CIG,264,-86.07,85.25,
ST896_12,CIG,276,-86.1,86.26,
ST896_12,CIG,288,-86.03,84.44,
ST896_12,CIG,300,-86.14,83.39,
ST896_12,CIG,312,-86.03,83.51,
ST896_12,CIG,324,-86.08,84.51,
ST896_12,CIG,336,-86.23,84.28,
ST896_12,CIG,348,-86.31,88.51,
ST896_12,CIG,360,-86.44,83.39,
ST896_12,CIG,372,-86.49,82.79,
ST896_12,CIG,384,-86.74,84.37,
ST896_12,CIG,396,-87.14,82.95,
ST896_12,CIG,408,-87.28,81.92,
ST896_12,CIG,420,-87.3,81.05,
ST896_12,CIG,432,-87.38,83.03,
ST896_12,CIG,444,-87.33,79.95,
ST896_12,CIG,456,-87.32,81.33,
ST900_04,CIG,0,-88.3,111.67,
ST900_04,CIG,12,-88.49,108.58,
ST900_04,CIG,24,-88.66,119.53,
ST900_04,CIG,36,-88.66,126.55,
ST900_04,CIG,48,-88.56,121.04,
ST900_04,CIG,60,-87.04,115.21,
ST900_04,CIG,72,-87.24,118.54,
ST900_04,CIG,84,-86.64,101.8,
ST900_04,CIG,96,-85.13,90.69,
ST900_04,CIG,108,-84.81,86.12,
ST900_04,CIG,120,-84.94,88.69,
ST900_04,CIG,132,-84.97,89.39,
ST900_04,CIG,144,-84.93,90.45,
ST900_04,CIG,156,-84.88,90.51,
ST900_04,CIG,168,-84.85,90.02,
ST900_04,CIG,180,-84.79,87.63,
ST900_04,CIG,192,-84.83,88.61,
ST900_04,CIG,204,-84.84,88.36,
ST900_04,CIG,216,-84.81,87.73,
ST900_04,CIG,228,-84.7,87.12,
ST900_04,CIG,240,-84.57,88.65,
ST900_04,CIG,252,-84.46,91.01,
ST900_04,CIG,264,-84.47,89.82,
ST900_04,CIG,276,-84.43,90.77,
ST900_04,CIG,288,-84.44,89.98,
ST900_04,CIG,300,-84.4,91.16,
ST900_04,CIG,312,-85.62,87.61,
ST900_04,CIG,324,-86.01,93.36,
ST900_04,CIG,336,-85.11,85.99,
ST900_04,CIG,348,-85.73,72.69,
ST900_04,CIG,360,-86.1,93.93,
ST900_04,CIG,372,-86.89,83.52,
ST900_04,CIG,384,-85.96,83.14,
ST900_04,CIG,396,-85.76,78.21,
ST900_04,CIG,408,-85.95,79.35,
ST900_04,CIG,420,-85.89,80.59,
ST900_04,CIG,432,-85.87,79.21,
ST900_04,CIG,444,-85.64,78.35,
ST900_04,CIG,456,-85.52,81.08,
ST900_15,CIG,0,-87.77,80.95,
ST900_15,CIG,12,-87.51,75.45,
ST900_15,CIG,24,-87.84,71.48,
ST900_15,CIG,36,-88,67.66,
ST900_15,CIG,48,-87.99,60.57,
ST900_15,CIG,60,-87.08,73.64,
ST900_15,CIG,72,-86.65,77.43,
ST900_15,CIG,84,-85.02,80.86,
ST900_15,CIG,96,-84.84,79.53,
ST900_15,CIG,108,-84.74,80.55,
ST900_15,CIG,120,-84.67,80.38,
ST900_15,CIG,132,-84.73,80.27,
ST900_15,CIG,144,-84.71,80.41,
ST900_15,CIG,156,-84.69,79,
ST900_15,CIG,168,-84.73,80.55,
ST900_15,CIG,180,-84.68,80.52,
ST900_15,CIG,192,-84.73,79.45,
ST900_15,CIG,204,-84.52,80.92,
ST900_15,CIG,216,-84.42,82.38,
ST900_15,CIG,228,-85.64,78,
ST900_15,CIG,240,-86.05,85.66,
ST900_15,CIG,252,-86.05,86.12,
ST900_15,CIG,264,-86.15,84.39,
ST900_15,CIG,276,-86.11,85.49,
ST900_15,CIG,288,-86.14,85.34,
ST900_15,CIG,300,-86.23,85.72,
ST900_15,CIG,312,-86.23,84.14,
ST900_15,CIG,324,-86.05,83.82,
ST900_15,CIG,336,-86.03,83.57,
ST900_15,CIG,348,-85.95,84.57,
ST900_15,CIG,360,-85.97,84.87,
ST900_15,CIG,372,-85.9,86.15,
ST900_15,CIG,384,-85.89,84.25,
ST900_15,CIG,396,-85.89,86.1,
ST900_15,CIG,408,-86.04,87.99,
ST900_15,CIG,420,-86.03,86.31,
ST900_15,CIG,432,-85.89,85.05,
ST900_15,CIG,444,-85.92,86,
ST900_15,CIG,456,-86,85.03,
ST902_08,CIG,0,-89.57,170.36,
ST902_08,CIG,12,-89.77,173.43,
ST902_08,CIG,24,-89.24,168.18,
ST902_08,CIG,36,-89.12,176.42,
ST902_08,CIG,48,-89.37,173.78,
ST902_08,CIG,60,-89.13,121.82,
ST902_08,CIG,72,-88.7,92.62,
ST902_08,CIG,84,-87.33,81.94,
ST902_08,CIG,96,-86.98,81.97,
ST902_08,CIG,108,-85.47,76.7,
ST902_08,CIG,120,-84.55,75.66,
ST902_08,CIG,132,-84.07,75.69,
ST902_08,CIG,144,-84.17,76.45,
ST902_08,CIG,156,-84.19,77.77,
ST902_08,CIG,168,-84.28,75.9,
ST902_08,CIG,180,-84.31,76.11,
ST902_08,CIG,192,-84.24,76.68,
ST902_08,CIG,204,-84.31,76.28,
ST902_08,CIG,216,-84.32,76.47,
ST902_08,CIG,228,-84.33,77.92,
ST902_08,CIG,240,-84.36,80.09,
ST902_08,CIG,252,-84.36,78.94,
ST902_08,CIG,264,-84.39,79.91,
ST902_08,CIG,276,-84.4,80.4,
ST902_08,CIG,288,-84.33,79.75,
ST902_08,CIG,300,-84.3,86.6,
ST902_08,CIG,312,-84.49,91.36,
ST902_08,CIG,324,-85.31,93.77,
ST902_08,CIG,336,-85.37,92.93,
ST902_08,CIG,348,-84.2,96.42,
ST902_08,CIG,360,-85.12,85.66,
ST902_08,CIG,372,-84.98,77.5,
ST902_08,CIG,384,-84.98,75,
ST902_08,CIG,396,-84.56,98.82,
ST902_08,CIG,408,-84.53,117.02,
ST902_08,CIG,420,-84.75,117.11,
ST902_08,CIG,432,-84.7,116.04,
ST902_08,CIG,444,-84.82,117.8,
ST902_08,CIG,456,-84.81,118.65,
WC____240A__,CIG,0,-75,0,
WC____240A__,CIG,48,-74,353.2,
WC____240A__,CIG,120,-74.5,356.8,
WC____240A__,CIG,195,-74.7,357.9,
WC____240A__,CIG,270,-74.7,1.6,
WC____240A__,CIG,345,-74.6,2.8,
WC____240A__,CIG,420,-74.4,6.5,
WC____240A__,CIG,495,-74.1,9.4,
WC____240A__,CIG,570,-74.2,8.3,
WC____244___,CIG,0,-70,350,
WC____244___,CIG,69,-71.9,357.5,
WC____244___,CIG,129,-72,359.8,
WC____244___,CIG,171,-72.1,2.8,
WC____244___,CIG,222,-72,4.2,
WC____244___,CIG,279,-70.6,6.1,
WC____244___,CIG,330,-70.2,8.6,
WC____244___,CIG,381,-70.4,11.1,
WC____244___,CIG,432,-70.4,13.2,
WC____244___,CIG,483,-70.8,13.6,
WC____244___,CIG,534,-70.3,14.2,
WC____244___,CIG,585,-69.7,14.3,
WC____246___,CIG,0,-70,0,
WC____246___,CIG,69,-70.3,359.6,
WC____246___,CIG,120,-70.6,0.8,
WC____246___,CIG,171,-70.5,0.7,
WC____246___,CIG,222,-70.3,1.5,
WC____246___,CIG,273,-70.3,3.3,
WC____246___,CIG,324,-70.3,5,
WC____246___,CIG,378,-70.3,6.8,
WC____246___,CIG,429,-70.2,7.6,
WC____246___,CIG,480,-70,7.9,
WC____246___,CIG,531,-69.7,9,
WC____248___,CIG,0,-70,350,
WC____248___,CIG,51,-72,356.3,
WC____248___,CIG,102,-72,358.2,
WC____248___,CIG,153,-72.1,359.3,
WC____248___,CIG,204,-71.9,0.1,
WC____248___,CIG,255,-71.8,2.4,
WC____248___,CIG,306,-71.2,4,
WC____248___,CIG,357,-70.6,5.5,
WC____248___,CIG,408,-70.9,5.4,
WC____248___,CIG,459,-70.5,6.3,
WC____248___,CIG,510,-70.1,8.1,
WC____248___,CIG,561,-69.9,8.8,
WC____254___,CIG,0,-90,0,
WC____254___,CIG,39,-89.3,329.4,
WC____254___,CIG,90,-89.1,330.8,
WC____254___,CIG,150,-89,314.2,
WC____254___,CIG,207,-88.6,345.6,
WC____254___,CIG,252,-88.9,0.06,
WC____254___,CIG,303,-88.8,2.8,
WC____254___,CIG,351,-88.6,8.3,
WC____254___,CIG,405,-88.5,358.1,
WC____254___,CIG,456,-88.5,5.2,
WC____259___,CIG,0,-80,355,
WC____259___,CIG,56,-79.3,355,
WC____259___,CIG,101,-79.7,358.2,
WC____259___,CIG,152,-80.1,359.7,
WC____259___,CIG,200,-79.6,358.4,
WC____259___,CIG,251,-79,3.8,
WC____259___,CIG,299,-79.2,5,
WC____259___,CIG,350,-79.5,7.3,
WC____259___,CIG,398,-79.1,9.5,
WC____259___,CIG,452,-79.4,10.4,
WC____259___,CIG,500,-79.8,10,
WC____273___,CIG,0,-89.8,36.11,
WC____273___,CIG,30,-89.45,119.31,
WC____273___,CIG,60,-89.71,43.84,
WC____273___,CIG,90,-89.62,97.62,
WC____273___,CIG,120,-89.22,48.7,
WC____273___,CIG,150,-89.29,67.62,
WC____273___,CIG,180,-89.16,83.79,
WC____273___,CIG,210,-88.85,82.3,
WC____273___,CIG,240,-88.76,85.24,
WC____273___,CIG,270,-88.48,91.75,
WC____273___,CIG,300,-88.51,77.8,
WC____273___,CIG,330,-88.52,86.98,
WC____273___,CIG,360,-88.67,100.51,
WC____273___,CIG,390,-88.46,97.55,
WC____273___,CIG,420,-88.75,92.64,
WC____273___,CIG,450,-88.55,96.14,
WC____273___,CIG,460,-88.43,98.65,
WC____273___,CIG,470,-88.39,92.87,
WC____287___,CIG,0,-72,295,
WC____287___,CIG,56,-72.9,297.7,
WC____287___,CIG,105,-73.2,302.3,
WC____287___,CIG,159,-73.5,304,
WC____287___,CIG,207,-73.4,306.2,
WC____287___,CIG,258,-73.4,307.9,
WC____287___,CIG,312,-73.3,310.3,
WC____287___,CIG,363,-73.2,312.2,
WC____287___,CIG,417,-72.9,313.7,
WC____287___,CIG,468,-73.3,318.5,
WC____287___,CIG,522,-73,319.6,
WC____291___,CIG,0,-70,350,
WC____291___,CIG,54,-69.9,349,
WC____291___,CIG,105,-69.5,351.6,
WC____291___,CIG,156,-68.6,354.8,
WC____291___,CIG,207,-67.4,0.2,
WC____291___,CIG,258,-66.9,1.7,
WC____291___,CIG,309,-65.7,5.7,
WC____291___,CIG,360,-64.7,11.3,
WC____291___,CIG,411,-64.4,12.3,
WC____291___,CIG,462,-64.1,15.6,
WC____291___,CIG,513,-64.1,17,
WC____291___,CIG,570,-63.3,15.7,
WC____295___,CIG,0,-72,350,
WC____295___,CIG,51,-73.4,342.5,
WC____295___,CIG,102,-73.3,345.8,
WC____295___,CIG,153,-73.4,345.7,
WC____295___,CIG,204,-73.4,349,
WC____295___,CIG,255,-73.3,352.3,
WC____295___,CIG,306,-73.4,355.1,
WC____295___,CIG,357,-73.2,358.6,
WC____295___,CIG,420,-73.1,1.8,
WC____295___,CIG,471,-72.8,3.1,
WC____295___,CIG,522,-72.6,6.3,
WC____297___,CIG,0,-79,15,
WC____297___,CIG,45,-80.4,17.4,
WC____297___,CIG,99,-80.7,19.8,
WC____297___,CIG,150,-80.7,23.9,
WC____297___,CIG,201,-80.5,27.8,
WC____297___,CIG,252,-80.4,33,
WC____297___,CIG,303,-80.1,36.4,
WC____297___,CIG,354,-80,39.9,
WC____297___,CIG,405,-80.3,42.4,
WC____297___,CIG,456,-80.2,44.3,
WC____297___,CIG,507,-80.4,45.1,
WC____297___,CIG,537,-80.6,45.8,
WC____301___,CIG,0,-82,350,
WC____301___,CIG,147,-81.2,348,
WC____301___,CIG,198,-81.4,351.6,
WC____301___,CIG,249,-81.3,354.4,
WC____301___,CIG,300,-80.9,355.4,
WC____301___,CIG,351,-80,358,
WC____301___,CIG,402,-81,1.2,
WC____301___,CIG,465,-81,2.4,
WC____301___,CIG,516,-80.6,1.3,
WC____301___,CIG,560,-79.8,359.6,
WC____303___,CIG,0,-72,345,
WC____303___,CIG,57,-71.6,335.2,
WC____303___,CIG,108,-72.4,337.8,
WC____303___,CIG,162,-72.3,338.6,
WC____303___,CIG,213,-71.9,341.5,
WC____303___,CIG,267,-71.8,342.7,
WC____303___,CIG,318,-72.1,344.4,
WC____303___,CIG,369,-72,344.6,
WC____303___,CIG,420,-72.2,347.8,
WC____303___,CIG,471,-72.8,350.2,
WC____303___,CIG,522,-72.9,350.1,
WC____303___,CIG,564,-72.4,351.6,
WC____304___,CIG,0,-76,350,
WC____304___,CIG,63,-75.7,350.8,
WC____304___,CIG,114,-75.6,354,
WC____304___,CIG,165,-75.4,354.8,
WC____304___,CIG,216,-75.1,356.3,
WC____304___,CIG,267,-75.2,359.6,
WC____304___,CIG,318,-75.6,1.6,
WC____304___,CIG,369,-75.4,1.8,
WC____304___,CIG,420,-75.6,3.6,
WC____304___,CIG,471,-75.7,2.2,
WC____304___,CIG,522,-75.6,2.3,
WC____304___,CIG,567,-75.8,5.6,
WC____305___,CIG,0,-74,345,
WC____305___,CIG,54,-73.6,347.7,
WC____305___,CIG,105,-74.2,351.4,
WC____305___,CIG,156,-74.5,350.2,
WC____305___,CIG,207,-74.6,352.8,
WC____305___,CIG,258,-74.8,356.5,
WC____305___,CIG,309,-74.8,356.5,
WC____305___,CIG,360,-74.5,359.9,
WC____305___,CIG,411,-74.7,0,
WC____305___,CIG,462,-74.6,1.4,
WC____305___,CIG,513,-74.7,3.7,
WC____305___,CIG,564,-74.4,3.9,
WC____309___,CIG,0,-66,355,
WC____309___,CIG,21,-66,1.4,
WC____309___,CIG,72,-65.4,2.9,
WC____309___,CIG,126,-65.4,4.3,
WC____309___,CIG,177,-64.9,1.6,
WC____309___,CIG,228,-64.6,3.8,
WC____309___,CIG,279,-64.1,5.2,
WC____309___,CIG,330,-63.8,7.1,
WC____309___,CIG,381,-63.6,9.3,
WC____309___,CIG,432,-63.6,9.5,
WC____309___,CIG,483,-63.4,9.8,
WC____309___,CIG,534,-62.9,11,
WC____310___,CIG,0,-73,355,
WC____310___,CIG,19,-73.2,358.5,
WC____310___,CIG,69,-73.7,0.6,
WC____310___,CIG,120,-73.7,2.4,
WC____310___,CIG,171,-73.7,5.4,
WC____310___,CIG,222,-73.6,7.4,
WC____310___,CIG,273,-73.4,9.5,
WC____310___,CIG,324,-73.7,9.9,
WC____310___,CIG,375,-73.9,12.8,
WC____310___,CIG,423,-73.9,14.8,
WC____310___,CIG,474,-73.8,13.3,
WC____310___,CIG,525,-73.7,14.8,
WC____311___,CIG,0,-62,0,
WC____311___,CIG,18,-60.7,357,
WC____311___,CIG,69,-60.3,0.5,
WC____311___,CIG,120,-60,2,
WC____311___,CIG,171,-59.6,1.9,
WC____311___,CIG,222,-59.4,4.4,
WC____311___,CIG,273,-59.1,6.4,
WC____311___,CIG,324,-59,7.4,
WC____311___,CIG,375,-59.4,8.6,
WC____311___,CIG,426,-59.3,11.3,
WC____311___,CIG,477,-59.7,11.5,
WC____311___,CIG,525,-60,12.6,
WC____311___,CIG,570,-60,12.6,
WC____312___,CIG,0,-74,350,
WC____312___,CIG,33,-73.4,346.9,
WC____312___,CIG,84,-73.8,349.8,
WC____312___,CIG,135,-73.8,352,
WC____312___,CIG,186,-73.8,353.3,
WC____312___,CIG,237,-73.9,356.3,
WC____312___,CIG,288,-73.7,357.7,
WC____312___,CIG,339,-73.5,359.7,
WC____312___,CIG,390,-73.5,0.1,
WC____312___,CIG,441,-73.3,3.3,
WC____312___,CIG,492,-72.9,3.3,
WC____313___,CIG,0,-76,350,
WC____313___,CIG,27,-75.3,346.3,
WC____313___,CIG,78,-75.5,347.9,
WC____313___,CIG,129,-75.8,350.8,
WC____313___,CIG,180,-76,352.4,
WC____313___,CIG,231,-76.3,354.3,
WC____313___,CIG,285,-76.2,358.1,
WC____313___,CIG,351,-75.3,356.7,
WC____313___,CIG,402,-75.6,358.5,
WC____313___,CIG,453,-75.5,357.9,
WC____313___,CIG,504,-74.7,359.9,
WC____327___,CIG,0,-65,305,
WC____327___,CIG,18,-65.1,303.6,
WC____327___,CIG,69,-65.9,302.6,
WC____327___,CIG,120,-65.9,298.3,
WC____327___,CIG,171,-66,308.4,
WC____327___,CIG,222,-66,303.5,
WC____327___,CIG,273,-65.8,301.1,
WC____327___,CIG,324,-65.9,304.6,
WC____327___,CIG,375,-65.8,309.8,
WC____327___,CIG,411,-65.6,312.6,
WC____330___,CIG,0,-70,0,
WC____330___,CIG,81,-68.8,4.9,
WC____330___,CIG,132,-68.3,2.5,
WC____330___,CIG,183,-68,10,
WC____330___,CIG,234,-67.8,12.1,
WC____330___,CIG,285,-67.4,10.7,
WC____330___,CIG,336,-67.4,7,
WC____330___,CIG,387,-67.7,8.9,
WC____330___,CIG,438,-67.4,15.3,
WC____332___,CIG,0,-60,0,
WC____332___,CIG,27,-60.1,353.3,
WC____332___,CIG,78,-59.7,7.8,
WC____332___,CIG,129,-59.2,359,
WC____332___,CIG,180,-58.7,1.9,
WC____332___,CIG,231,-58.7,12.8,
WC____332___,CIG,282,-58.3,7.6,
WC____332___,CIG,333,-58.2,10.1,
WC____332___,CIG,381,-58.3,17,
WC____332___,CIG,399,-58.5,10.2,
WC____332___,CIG,450,-58.8,12,
WC____332___,CIG,501,-59,14.3,
WC____332___,CIG,552,-58.9,16.1,
WC____332___,CIG,603,-58.9,15,
WC____335___,CIG,0,-65,345,
WC____335___,CIG,21,-65.3,344.2,
WC____335___,CIG,72,-65.7,345.7,
WC____335___,CIG,123,-65.5,347.8,
WC____335___,CIG,174,-65.7,350.7,
WC____335___,CIG,225,-65.1,351.9,
WC____335___,CIG,276,-64.8,355.4,
WC____335___,CIG,327,-64.5,355.8,
WC____335___,CIG,378,-64.5,358.8,
WC____335___,CIG,429,-64.7,359.6,
WC____335___,CIG,480,-65.4,0.9,
WC____335___,CIG,531,-65.2,1.9,
WC____335___,CIG,561,-65.2,1.4,
WC____338___,CIG,0,-90,0,
WC____338___,CIG,56.6,-89.9,130.53,
WC____338___,CIG,86.6,-89.7,221.73,
WC____338___,CIG,116.6,-89.9,130.23,
WC____338___,CIG,146.6,-89.8,180.83,
WC____338___,CIG,176.6,-89.6,166.23,
WC____338___,CIG,206.6,-89.6,173.13,
WC____338___,CIG,236.6,-89.7,147.53,
WC____338___,CIG,266.6,-89.4,175.63,
WC____338___,CIG,296.6,-89.5,179.43,
WC____338___,CIG,326.6,-89.6,115.93,
WC____338___,CIG,356.6,-89.5,115.83,
WC____338___,CIG,389.6,-89.5,168.03,
WC____338___,CIG,416.6,-89.6,160.03,
WC____338___,CIG,446.6,-89.4,155.03,
WC____338___,CIG,465,-88.9,149.93,
WC____339___,CIG,0,-75.1,357.5,
WC____339___,CIG,61.8,-76.6,2.13,
WC____339___,CIG,67.2,-76.7,2.53,
WC____339___,CIG,76.2,-76.7,3.43,
WC____339___,CIG,97.2,-76.6,3.43,
WC____339___,CIG,127.2,-76.6,3.93,
WC____339___,CIG,139.2,-76.7,3.63,
WC____339___,CIG,140.7,-76.7,3.13,
WC____339___,CIG,152.7,-75.1,359.3,
WC____339___,CIG,158.7,-76,358.63,
WC____339___,CIG,188.7,-76,359.73,
WC____339___,CIG,218.7,-76.2,1.33,
WC____339___,CIG,248.8,-76.6,4.53,
WC____339___,CIG,278.4,-76.5,5.13,
WC____339___,CIG,308.9,-76.7,6.33,
WC____339___,CIG,338.9,-77.9,10.73,
WC____339___,CIG,341.9,-78,9.93,
WC____339___,CIG,371.9,-78.4,13.93,
WC____339___,CIG,401.9,-78.4,17.53,
WC____339___,CIG,431.9,-78.6,19.83,
WC____339___,CIG,461.9,-78.5,21.03,
WC____339___,CIG,490,-78.6,21.93,
WC____372___,CIG,0,-85,350,
WC____372___,CIG,18,-85.3,355.6,
WC____372___,CIG,48,-84.9,358.2,
WC____372___,CIG,78,-84.6,359.2,
WC____372___,CIG,108,-84.4,3.6,
WC____372___,CIG,138,-84.3,3,
WC____372___,CIG,168,-84.3,7.4,
WC____372___,CIG,198,-84.1,6.2,
WC____372___,CIG,204,-84.1,4.7,
WC____372___,CIG,213,-85.2,2.3,
WC____372___,CIG,243,-85.2,2.7,
WC____372___,CIG,273,-85,2.5,
WC____372___,CIG,303,-85,5.3,
WC____372___,CIG,333,-85.1,5.3,
WC____372___,CIG,363,-84.9,7.5,
WC____372___,CIG,393,-85.1,13,
WC____372___,CIG,423,-85.4,11.7,
WC____372___,CIG,453,-85.8,14.7,
WC____372___,CIG,483,-85.4,15.7,
WC____382___,CIG,0,-62,270,
WC____382___,CIG,18,-61.4,271.4,
WC____382___,CIG,69,-60.9,271.6,
WC____382___,CIG,120,-60.2,272.2,
WC____382___,CIG,171,-59.3,272.4,
WC____382___,CIG,222,-59.2,273.7,
WC____382___,CIG,273,-58.9,274.5,
WC____382___,CIG,324,-58.8,274.7,
WC____382___,CIG,375,-59,276.2,
WC____382___,CIG,426,-59.1,277.3,
WC____382___,CIG,462,-59.1,277.1,
WC____413___,CIG,0,-81,331,
WC____413___,CIG,33,-79.7,326.7,
WC____413___,CIG,84,-79.9,329.2,
WC____413___,CIG,135,-79.9,335,
WC____413___,CIG,186,-79.7,337.1,
WC____413___,CIG,237,-79.7,340.9,
WC____413___,CIG,288,-79.8,344,
WC____413___,CIG,339,-79.9,345.9,
WC____413___,CIG,468,-79.4,351.4,
WC____416___,CIG,0,-84,360,
WC____416___,CIG,66,-82.8,341.2,
WC____416___,CIG,117,-83.1,343.1,
WC____416___,CIG,120,-83.2,343.8,
WC____416___,CIG,147,-85.1,344.7,
WC____416___,CIG,186,-85.4,3.6,
WC____416___,CIG,237,-85,3.3,
WC____416___,CIG,288,-84.9,4.1,
WC____416___,CIG,339,-85.2,3.1,
WC____416___,CIG,402,-85,9.6,
WC____416___,CIG,453,-84.9,10.1,
WC____416___,CIG,510,-83.6,358.3,
WC____416___,CIG,558,-83.4,358.8,
WC____422___,CIG,0,-75,350,
WC____422___,CIG,39,-72.8,351.2,
WC____422___,CIG,90,-73.6,353.1,
WC____422___,CIG,141,-72.8,356.1,
WC____422___,CIG,192,-73.2,358.2,
WC____422___,CIG,243,-72.7,359.9,
WC____422___,CIG,294,-72.9,1.8,
WC____422___,CIG,345,-73,3,
WC____422___,CIG,396,-73.2,5,
WC____422___,CIG,447,-73.5,6,
WC____422___,CIG,495,-73.8,5.4,
WC____424___,CIG,0,-80,355,
WC____424___,CIG,54,-84.7,13.1,
WC____424___,CIG,105,-84.8,16.8,
WC____424___,CIG,156,-84.6,24.1,
WC____424___,CIG,207,-84.4,22.7,
WC____424___,CIG,258,-84.4,30.4,
WC____424___,CIG,309,-84.3,34.6,
WC____424___,CIG,360,-83.6,32.6,
WC____424___,CIG,411,-83.7,32.7,
WC____424___,CIG,462,-84.4,37.2,
WC____426___,CIG,0,-80,350,
WC____426___,CIG,45,-78.2,352.6,
WC____426___,CIG,96,-78.9,355.6,
WC____426___,CIG,147,-78.8,359.1,
WC____426___,CIG,198,-79.3,0.4,
WC____426___,CIG,249,-78.8,7.8,
WC____426___,CIG,300,-79.3,5.9,
WC____426___,CIG,351,-79.2,6.2,
WC____426___,CIG,402,-79.5,4.5,
WC____427___,CIG,0,-80,350,
WC____427___,CIG,45,-82.3,352.5,
WC____427___,CIG,60,-82.1,349,
WC____427___,CIG,102,-82.4,353.1,
WC____427___,CIG,153,-82.7,358.6,
WC____427___,CIG,204,-82.5,5.6,
WC____427___,CIG,255,-82.5,12,
WC____427___,CIG,306,-82.7,6.5,
WC____427___,CIG,357,-81.7,6.3,
WC____427___,CIG,408,-81.8,6.7,
WC____427___,CIG,459,-81.6,10.2,
WC____427___,CIG,483,-81.4,11.1,
WC____428___,CIG,0,-80,350,
WC____428___,CIG,57,-80,3.3,
WC____428___,CIG,108,-79.9,7.1,
WC____428___,CIG,159,-79.8,10.4,
WC____428___,CIG,210,-79.9,11.4,
WC____428___,CIG,261,-79.4,11.9,
WC____428___,CIG,312,-79.5,12.9,
WC____428___,CIG,354,-79.8,13.8,
WC____428___,CIG,405,-80.1,14,
WC____428___,CIG,453,-79.6,14.5,
WC____429___,CIG,0,-80,350,
WC____429___,CIG,45,-77.8,10.8,
WC____429___,CIG,102,-78.2,15.4,
WC____429___,CIG,156,-77.8,18,
WC____429___,CIG,207,-77.5,21.5,
WC____429___,CIG,258,-77.3,23.8,
WC____429___,CIG,309,-77.5,26.7,
WC____429___,CIG,357,-77.6,28.3,
WC____429___,CIG,408,-77.8,30.2,
WC____435___,CIG,0,-75,315,
WC____435___,CIG,51,-75.3,313,
WC____435___,CIG,102,-75.5,315.3,
WC____435___,CIG,153,-76,314.2,
WC____435___,CIG,204,-76.1,314,
WC____435___,CIG,255,-77.5,315.6,
WC____435___,CIG,306,-77.6,315.9,
WC____435___,CIG,354,-77.9,318.1,
WC____435___,CIG,405,-77.2,317.5,
WC____435___,CIG,456,-76.8,319.1,
WC____438___,CIG,0,-80,355,
WC____438___,CIG,45,-80.5,359,
WC____438___,CIG,96,-81,6,
WC____438___,CIG,147,-81.1,8.9,
WC____438___,CIG,198,-80.6,11.8,
WC____438___,CIG,249,-80.5,11.7,
WC____438___,CIG,300,-80.1,13.1,
WC____438___,CIG,351,-79.9,14.7,
WC____438___,CIG,402,-79.7,13.4,
WC____438___,CIG,453,-79.5,12.8,
WC____438___,CIG,504,-78.6,10,
WC____439___,CIG,0,-80,355,
WC____439___,CIG,42,-83.5,354.5,
WC____439___,CIG,93,-83.8,358.9,
WC____439___,CIG,144,-84,11.6,
WC____439___,CIG,195,-84.7,20.4,
WC____439___,CIG,246,-84.2,21.2,
WC____439___,CIG,297,-84.8,14.2,
WC____439___,CIG,348,-85.2,22.4,
WC____439___,CIG,399,-84.4,18.8,
WC____439___,CIG,450,-85.3,16.6,
WC____439___,CIG,477,-84.8,16.8,
WC____440___,CIG,0,-80,355,
WC____440___,CIG,48,-80.2,348.9,
WC____440___,CIG,99,-80.9,353.4,
WC____440___,CIG,150,-80.6,356.7,
WC____440___,CIG,201,-81.1,2.3,
WC____440___,CIG,252,-81.3,4.6,
WC____440___,CIG,303,-81.5,9.2,
WC____440___,CIG,354,-81.9,10.3,
WC____440___,CIG,405,-81.6,10.2,
WC____440___,CIG,456,-81.9,11.2,
WC____440___,CIG,525,-82.5,10.8,
WC____441___,CIG,0,-80,355,
WC____441___,CIG,42,-80,345,
WC____441___,CIG,93,-81,351.3,
WC____441___,CIG,144,-81.4,2.1,
WC____441___,CIG,195,-81.6,4.7,
WC____441___,CIG,246,-82,7.4,
WC____441___,CIG,297,-82.6,9.6,
WC____441___,CIG,348,-82.8,11.3,
WC____441___,CIG,399,-83.1,12.5,
WC____443___,CIG,0,-80,355,
WC____443___,CIG,84,-78.5,349.8,
WC____443___,CIG,135,-78.4,351.8,
WC____443___,CIG,189,-79.7,351.9,
WC____443___,CIG,240,-80.1,355.2,
WC____443___,CIG,291,-80.2,356.3,
WC____443___,CIG,342,-79.9,357,
WC____443___,CIG,393,-80.3,356.6,
WC____443___,CIG,444,-80.1,359.9,
WC____444___,CIG,0,-80,355,
WC____444___,CIG,36,-80.9,352.6,
WC____444___,CIG,87,-80.5,356.8,
WC____444___,CIG,138,-81.1,359,
WC____444___,CIG,189,-80.3,1.7,
WC____444___,CIG,240,-80.3,4,
WC____444___,CIG,291,-80.6,5.9,
WC____444___,CIG,342,-81.2,8.8,
WC____444___,CIG,393,-80.9,10.4,
WC____444___,CIG,444,-80.5,9.4,
WC____444___,CIG,498,-80.9,7.8,
WC____445___,CIG,0,-74,355,
WC____445___,CIG,45,-74.8,353.1,
WC____445___,CIG,96,-74.9,355,
WC____445___,CIG,147,-74.6,356.2,
WC____445___,CIG,198,-74.5,357.6,
WC____445___,CIG,249,-73.8,357.8,
WC____445___,CIG,300,-73.5,359.7,
WC____445___,CIG,351,-74.9,1.5,
WC____445___,CIG,402,-74.4,3,
WC____445___,CIG,453,-74.1,3.5,
WC____447___,CIG,0,-80,355,
WC____447___,CIG,51,-80.2,357.2,
WC____447___,CIG,102,-80.1,358.7,
WC____447___,CIG,153,-80.5,1.5,
WC____447___,CIG,204,-80.6,2.4,
WC____447___,CIG,255,-80.9,5.4,
WC____447___,CIG,306,-80.5,9.2,
WC____447___,CIG,357,-80.3,10.1,
WC____447___,CIG,408,-80.6,8.4,
WC____447___,CIG,459,-80.5,6.4,
WC____448___,CIG,0,-80,325,
WC____448___,CIG,135,-81.2,339.6,
WC____448___,CIG,186,-81.5,340.3,
WC____448___,CIG,237,-81.7,342.9,
WC____448___,CIG,288,-81.6,345.9,
WC____448___,CIG,339,-81.9,345.3,
WC____448___,CIG,390,-82.2,348.1,
WC____448___,CIG,441,-81.8,352.7,
WC____448___,CIG,492,-81.7,351.6,
WC____449___,CIG,0,-80,355,
WC____449___,CIG,48,-80.6,359.3,
WC____449___,CIG,99,-80.9,2.9,
WC____449___,CIG,165,-81.3,8.2,
WC____449___,CIG,216,-82.2,15.3,
WC____449___,CIG,267,-82.4,17.1,
WC____449___,CIG,318,-82.8,19.2,
WC____449___,CIG,450,-83.2,17.8,
WC____449___,CIG,499,-83.2,23,
WC____449___,CIG,531,-82.8,17.6,
WC____450___,CIG,0,-80,355,
WC____450___,CIG,51,-79.9,6.8,
WC____450___,CIG,87,-80.1,9.8,
WC____450___,CIG,96,-78.9,6.7,
WC____450___,CIG,147,-78.3,16.4,
WC____450___,CIG,198,-77.9,21.3,
WC____450___,CIG,249,-77.5,23.2,
WC____450___,CIG,293,-78.2,25.5,
WC____450___,CIG,351,-78.6,23.3,
WC____450___,CIG,402,-78.9,27,
WC____450___,CIG,453,-79.1,28.4,
WC____452___,CIG,0,-80,355,
WC____452___,CIG,48,-79.8,359.1,
WC____452___,CIG,99,-80.5,0,
WC____452___,CIG,150,-80.7,4.5,
WC____452___,CIG,201,-81.1,7.7,
WC____452___,CIG,252,-81.5,8.7,
WC____452___,CIG,303,-81.3,10.1,
WC____452___,CIG,354,-81.7,11.4,
WC____452___,CIG,405,-82,14.2,
WC____452___,CIG,456,-82.3,16.7,
WC____455___,CIG,0,-75,350,
WC____455___,CIG,48,-74.1,343.7,
WC____455___,CIG,99,-74.7,344.7,
WC____455___,CIG,150,-75.5,345.6,
WC____455___,CIG,201,-75.1,348.3,
WC____455___,CIG,252,-75.3,348.5,
WC____455___,CIG,360,-76,351.6,
WC____455___,CIG,411,-76.1,354.8,
WC____455___,CIG,462,-76.3,357,
WC____455___,CIG,513,-76.5,358.7,
WC____455___,CIG,564,-76.4,359.4,
WC____456___,CIG,0,-75,350,
WC____456___,CIG,40,-77.2,353,
WC____456___,CIG,75,-77.4,354.6,
WC____456___,CIG,90,-75.3,357.4,
WC____456___,CIG,141,-77.8,358.5,
WC____456___,CIG,192,-78.8,3.8,
WC____456___,CIG,243,-79,6.4,
WC____456___,CIG,294,-79.5,11.6,
WC____456___,CIG,345,-79.7,13.7,
WC____456___,CIG,396,-80,12.4,
WC____456___,CIG,447,-80.1,13.4,
WC____457___,CIG,0,-70,350,
WC____457___,CIG,51,-72.6,357.5,
WC____457___,CIG,102,-72.9,0.3,
WC____457___,CIG,150,-72.9,4.4,
WC____457___,CIG,201,-72.8,4.6,
WC____457___,CIG,252,-72.7,6.4,
WC____457___,CIG,300,-72.6,9.2,
WC____457___,CIG,351,-72.5,10.2,
WC____457___,CIG,402,-72.1,10.3,
WC____457___,CIG,450,-71.9,10.8,
WC____458___,CIG,0,-68,325,
WC____458___,CIG,21,-67.7,337.5,
WC____458___,CIG,72,-67.7,341.8,
WC____458___,CIG,123,-67.8,343.6,
WC____458___,CIG,174,-67.9,345.1,
WC____458___,CIG,225,-68.1,346.9,
WC____458___,CIG,276,-68.2,348.5,
WC____458___,CIG,327,-68.5,350.4,
WC____458___,CIG,378,-68.8,352.4,
WC____458___,CIG,429,-68,352,
WC____458___,CIG,480,-67.5,351.6,
WC____458___,CIG,531,-67.1,355.5,
WC____459___,CIG,0,-70,350,
WC____459___,CIG,42,-70.5,356.4,
WC____459___,CIG,93,-70.7,359,
WC____459___,CIG,144,-70.8,1.7,
WC____459___,CIG,195,-70.8,6.3,
WC____459___,CIG,246,-70.9,7.2,
WC____459___,CIG,297,-70.9,12,
WC____459___,CIG,348,-70.9,14.8,
WC____459___,CIG,399,-71,15.6,
WC____459___,CIG,450,-70.9,16.5,
WC____459___,CIG,501,-71,17.2,
WC____460___,CIG,0,-72,325,
WC____460___,CIG,24,-72.7,317.9,
WC____460___,CIG,75,-73.1,319.8,
WC____460___,CIG,126,-73.7,321.5,
WC____460___,CIG,177,-74,323.7,
WC____460___,CIG,228,-74.2,325.7,
WC____460___,CIG,279,-74.3,326.7,
WC____460___,CIG,330,-75.1,329,
WC____460___,CIG,381,-75.1,329.9,
WC____460___,CIG,432,-75.8,326.3,
WC____460___,CIG,483,-74.9,323.8,
WC____464___,CIG,0,-68,290,
WC____464___,CIG,21,-68,296.3,
WC____464___,CIG,72,-68.3,296.2,
WC____464___,CIG,123,-69.3,296.7,
WC____464___,CIG,174,-69.6,297.1,
WC____464___,CIG,225,-70,296.9,
WC____464___,CIG,276,-70.6,297,
WC____464___,CIG,327,-71.6,296.1,
WC____464___,CIG,378,-71,299,
WC____466A__,CIG,0,-72,320,
WC____466A__,CIG,30,-71.8,315.7,
WC____466A__,CIG,81,-71.7,313.8,
WC____466A__,CIG,132,-71.74,315.6,
WC____466A__,CIG,189,-70.9,316,
WC____466A__,CIG,240,-68.5,319.9,
WC____466A__,CIG,309,-69,322,
WC____466A__,CIG,360,-69.7,324.8,
WC____466A__,CIG,411,-67.4,326.7,
WC____466A__,CIG,462,-63.5,328.5,
WC____466A__,CIG,501,-61.6,332.5,
WC____467___,CIG,0,-67,320,
WC____467___,CIG,30,-68,332.6,
WC____467___,CIG,80,-68.4,332.8,
WC____467___,CIG,132,-68.8,336.4,
WC____467___,CIG,183,-69.3,338.3,
WC____467___,CIG,234,-70.1,341,
WC____467___,CIG,285,-71,344.4,
WC____467___,CIG,336,-71.9,346.1,
WC____467___,CIG,387,-72.3,346.3,
WC____467___,CIG,438,-72.2,348,
WC____467___,CIG,489,-71.9,349,
WC____467___,CIG,534,-71.9,349.9,
WC____468___,CIG,0,-72,320,
WC____468___,CIG,42,-72.6,329.5,
WC____468___,CIG,93,-73.1,330.4,
WC____468___,CIG,144,-73,331.2,
WC____468___,CIG,195,-73,332,
WC____468___,CIG,246,-73.4,333.9,
WC____468___,CIG,297,-73.5,334,
WC____468___,CIG,348,-73.9,335.1,
WC____468___,CIG,399,-74.1,335.9,
WC____468___,CIG,450,-73.9,336.7,
WC____468___,CIG,501,-73.8,337.4,
WC____471___,CIG,0,-70,345,
WC____471___,CIG,42,-69.4,350.1,
WC____471___,CIG,93,-69.7,353.3,
WC____471___,CIG,144,-69.8,355.1,
WC____471___,CIG,195,-70.1,358.1,
WC____471___,CIG,246,-70.4,359,
WC____471___,CIG,297,-70.6,4,
WC____471___,CIG,348,-70.6,5.9,
WC____471___,CIG,399,-71.3,8,
WC____471___,CIG,450,-71.3,8.3,
WC____471___,CIG,501,-71.5,7.4,
WC____471___,CIG,540,-71.5,10.2,
WC____472___,CIG,0,-80,325,
WC____472___,CIG,78,-78.3,334.8,
WC____472___,CIG,129,-78.7,339,
WC____472___,CIG,180,-78.8,343.5,
WC____472___,CIG,231,-78.9,349.2,
WC____472___,CIG,282,-79.6,356.2,
WC____472___,CIG,333,-80.1,358.3,
WC____472___,CIG,384,-80,359.4,
WC____472___,CIG,435,-79.8,0.9,
WC____473___,CIG,0,-70,325,
WC____473___,CIG,48,-71.5,335.3,
WC____473___,CIG,99,-72.2,327.7,
WC____473___,CIG,150,-72.3,329.9,
WC____473___,CIG,201,-72.5,331.7,
WC____473___,CIG,252,-73.2,335.5,
WC____473___,CIG,303,-73,336.5,
WC____473___,CIG,354,-73.5,338.5,
WC____473___,CIG,405,-74,340.5,
WC____473___,CIG,456,-74.2,341.1,
WC____473___,CIG,507,-73.6,341.1,
WC____474___,CIG,0,-74,325,
WC____474___,CIG,69,-75.7,339,
WC____474___,CIG,120,-75.9,328.2,
WC____474___,CIG,144,-74,331.4,
WC____474___,CIG,195,-73.9,332,
WC____474___,CIG,246,-74.1,332.5,
WC____474___,CIG,297,-74.4,334.6,
WC____474___,CIG,348,-75,338.2,
WC____474___,CIG,399,-75,339.1,
WC____474___,CIG,450,-74.7,340.2,
WC____476___,CIG,0,-70,345,
WC____476___,CIG,51,-69.8,345.4,
WC____476___,CIG,102,-70,347.2,
WC____476___,CIG,153,-70.2,349.7,
WC____476___,CIG,204,-70.6,353.2,
WC____476___,CIG,255,-70.7,354.5,
WC____476___,CIG,306,-71.2,357,
WC____476___,CIG,357,-71.6,359.3,
WC____476___,CIG,408,-71.4,358.9,
WC____476___,CIG,459,-71.2,1.2,
WC____476___,CIG,512,-70.7,0.3,
WC____476___,CIG,564,-70.4,1,
WC____486___,CIG,0,-68,320,
WC____486___,CIG,39,-71.3,331.2,
WC____486___,CIG,42,-71.1,331.3,
WC____486___,CIG,84,-71.4,332,
WC____486___,CIG,135,-71.4,334.6,
WC____486___,CIG,186,-71.4,336.1,
WC____486___,CIG,237,-71.3,336,
WC____486___,CIG,288,-71.7,336.5,
WC____486___,CIG,339,-71.8,338.1,
WC____486___,CIG,390,-71.7,340.4,
WC____486___,CIG,441,-72.1,340.7,
WC____486___,CIG,492,-71.7,342.5,
WC____486___,CIG,525,-71.4,345.5,
WC____487___,CIG,0,-77,345,
WC____487___,CIG,63,-77.5,342.7,
WC____487___,CIG,114,-77.5,344.9,
WC____487___,CIG,165,-77.2,351.1,
WC____487___,CIG,216,-77.2,355.8,
WC____487___,CIG,267,-77.2,358.2,
WC____487___,CIG,318,-77.4,1.6,
WC____487___,CIG,369,-77.3,3.2,
WC____487___,CIG,420,-77.6,5.2,
WC____487___,CIG,471,-77.5,6.3,
WC____487___,CIG,522,-77.5,8.6,
WC____487___,CIG,573,-76.9,7.9,
WC____487___,CIG,624,-76.6,9.4,
WC____487___,CIG,645,-76.5,8.5,
WC____488___,CIG,0,-60,320,Collar
WC____488___,CIG,69,-62,326.1,Collar
WC____488___,CIG,120,-62.5,328.7,EZ-Shot
WC____488___,CIG,171,-63.1,330.4,EZ-Shot
WC____488___,CIG,222,-63.6,332,EZ-Shot
WC____488___,CIG,273,-63.9,334.3,EZ-Shot
WC____488___,CIG,324,-64.6,336.6,EZ-Shot
WC____488___,CIG,375,-64.9,340.1,EZ-Shot
WC____488___,CIG,442,-65.3,342.4,EZ-Shot
WC____488___,CIG,498,-66.3,341.4,EZ-Shot
WC____488___,CIG,549,-66.2,342.4,EZ-Shot
WC____507___,CIG,0,-75,360,Collar
WC____507___,CIG,24,-75.21,334.15,Collar
WC____507___,CIG,78,-74.79,336.13,DeviShot
WC____507___,CIG,129,-74.43,338.5,DeviShot
WC____507___,CIG,180,-74.03,341.71,DeviShot
WC____507___,CIG,234,-74.53,343.93,DeviShot
WC____507___,CIG,285,-74.73,346.53,DeviShot
WC____507___,CIG,336,-74.78,350.15,DeviShot
WC____507___,CIG,387,-74.83,352,DeviShot
WC____507___,CIG,438,-74.79,354.5,DeviShot
WC____507___,CIG,495,-74.86,356,DeviShot
WC____507___,CIG,546,-75.08,357.52,DeviShot
WC____507___,CIG,597,-75.43,0.19,DeviShot
WC____511___,CIG,0,-72,340,Collar
WC____511___,CIG,36,-71.79,339.84,Collar
WC____511___,CIG,87,-71.87,341.03,DeviShot
WC____511___,CIG,138,-71.96,343.4,DeviShot
WC____511___,CIG,189,-71.95,346.86,DeviShot
WC____511___,CIG,240,-72.38,348,DeviShot
WC____511___,CIG,291,-72.3,352.31,DeviShot
WC____511___,CIG,342,-72.37,354.03,DeviShot
WC____511___,CIG,393,-72.48,355.89,DeviShot
WC____511___,CIG,444,-72.36,358.22,DeviShot
WC____511___,CIG,495,-72.51,358.5,DeviShot
WC____511___,CIG,546,-72.62,0.92,DeviShot
WC____511___,CIG,666,-72.93,358.26,DeviShot
WC____511___,CIG,696,-72.66,1.98,DeviShot
WC____519___,CIG,0,-85,340,Collar
WC____519___,CIG,30,-85.8,332.06,Collar
WC____519___,CIG,81,-85.5,342.39,DeviShot
WC____519___,CIG,152.6,-85.6,350.73,DeviShot
WC____519___,CIG,201.6,-85.4,354.94,DeviShot
WC____519___,CIG,252.6,-85.25,354.1,DeviShot
WC____519___,CIG,290,-85.3,358.76,DeviShot
WC____519___,CIG,341,-85.4,0.96,EZ-Shot
WC____519___,CIG,401,-85.5,1.76,EZ-Shot
WC____519___,CIG,440,-80.62,351.54,EZ-Shot
WC____519___,CIG,452,-84.8,6.56,EZ-Shot
WC____519___,CIG,503,-85.1,6.06,EZ-Shot
WC____519___,CIG,509,-81.08,350.38,EZ-Shot
WC____519___,CIG,554,-84.9,5.16,EZ-Shot
WC____519___,CIG,599,-81.01,350.36,EZ-Shot
WC____519___,CIG,605,-84.5,5.26,EZ-Shot
WC____522___,CIG,0,-75,340,Collar
WC____522___,CIG,26,-75.11,345.36,Collar
WC____522___,CIG,77.4,-75.13,349.58,DeviShot
WC____522___,CIG,128.4,-75.2,351.72,DeviShot
WC____522___,CIG,179.4,-75.22,354.44,DeviShot
WC____522___,CIG,230.4,-75.33,351.61,DeviShot
WC____522___,CIG,281.4,-75.21,353.35,DeviShot
WC____522___,CIG,332.4,-75.09,355.53,DeviShot
WC____522___,CIG,383.4,-75.26,357.37,DeviShot
WC____522___,CIG,434.4,-74.99,359.64,DeviShot
WC____522___,CIG,485.4,-75.41,0.08,DeviShot
WC____522___,CIG,536.4,-75.16,1.39,DeviShot
WC____522___,CIG,587.4,-74.86,4.3,DeviShot
WC____522___,CIG,638.4,-74.47,3.73,DeviShot
WC____522___,CIG,689.4,-74.43,4.75,DeviShot
WC____522___,CIG,740.4,-74.02,5.48,DeviShot
WC____526___,CIG,0,-65,340,Collar
WC____526___,CIG,22.9,-65.4,335.96,Collar
WC____526___,CIG,73.9,-64.6,337.36,EZ-Shot
WC____526___,CIG,124.9,-63.7,341.96,EZ-Shot
WC____526___,CIG,175.9,-63.3,343.96,EZ-Shot
WC____526___,CIG,226.9,-63.4,345.76,EZ-Shot
WC____526___,CIG,277.9,-63.2,348.26,EZ-Shot
WC____526___,CIG,328.9,-63,349.26,EZ-Shot
WC____526___,CIG,380.3,-63.3,351.86,EZ-Shot
WC____526___,CIG,431.3,-64.2,353.06,EZ-Shot
WC____526___,CIG,482.3,-64.7,354.06,EZ-Shot
WC____526___,CIG,533.3,-65.3,355.06,EZ-Shot
WC____526___,CIG,584.3,-65.7,355.26,EZ-Shot
WC____526___,CIG,638.3,-65.6,356.56,EZ-Shot
WC____526___,CIG,680.3,-65.7,358.16,EZ-Shot
WC____536___,CIG,0,-80,0,Collar
WC____536___,CIG,29,-80.2,340.096,Collar
WC____536___,CIG,80,-79.5,341.896,EZ-Shot
WC____536___,CIG,131,-79.2,345.396,EZ-Shot
WC____536___,CIG,182,-78.7,346.796,EZ-Shot
WC____536___,CIG,233,-78.5,347.896,EZ-Shot
WC____536___,CIG,284,-78.5,349.796,EZ-Shot
WC____536___,CIG,335,-78.2,351.196,EZ-Shot
WC____536___,CIG,386.5,-78.4,352.596,EZ-Shot
WC____536___,CIG,434.5,-78.3,355.296,EZ-Shot
WC____536___,CIG,485,-78.2,356.596,EZ-Shot
WC____536___,CIG,536.5,-78.9,0.996,EZ-Shot
WC____536___,CIG,587.5,-78.2,3.096,EZ-Shot
WC____536___,CIG,638.5,-78.7,3.196,EZ-Shot
WC____536___,CIG,683.5,-78.4,2.496,EZ-Shot
WC____538___,CIG,0,-78,348,Collar
WC____538___,CIG,128,-79.1,346.396,Collar
WC____538___,CIG,179,-79.1,349.696,EZ-Shot
WC____538___,CIG,230,-79.2,353.296,EZ-Shot
WC____538___,CIG,281,-79.1,355.996,EZ-Shot
WC____538___,CIG,335,-79.5,357.796,EZ-Shot
WC____538___,CIG,383,-79.2,359.596,EZ-Shot
WC____538___,CIG,434,-79.2,1.696,EZ-Shot
WC____538___,CIG,485,-79.3,5.596,EZ-Shot
WC____538___,CIG,536,-79.2,10.596,EZ-Shot
WC____538___,CIG,587,-79.1,10.696,EZ-Shot
WC____538___,CIG,638,-78.3,9.996,EZ-Shot
WC____538___,CIG,689,-77.3,2.896,EZ-Shot
WC____538___,CIG,740,-77,3.596,EZ-Shot
WC____538___,CIG,779,-76.2,5.296,EZ-Shot
WC____437___,CIG,0,-90,0,
WC____437___,CIG,51,-89.8,314.6,
WC____437___,CIG,102,-89.7,45,
WC____437___,CIG,153,-89.5,124.9,
WC____437___,CIG,255,-89.6,97.1,
WC____437___,CIG,306,-89.4,135,
WC____437___,CIG,357,-89.2,214.1,
WC____437___,CIG,405,-89.1,141.6,
WC____437___,CIG,456,-88.6,294.6,
WC____437___,CIG,507,-86,305.5,
WC____437___,CIG,549,-85.6,303,
WC____469___,CIG,0,-74,320,
WC____469___,CIG,39,-72.9,331,
WC____469___,CIG,57,-73.1,333.7,
WC____469___,CIG,108,-73.5,335.2,
WC____469___,CIG,159,-73.9,337.9,
WC____469___,CIG,210,-74.4,340.4,
WC____469___,CIG,261,-74.8,343.4,
WC____469___,CIG,312,-75.7,345,
WC____469___,CIG,363,-76.1,347.3,
WC____469___,CIG,414,-76.3,348.3,
WC____469___,CIG,465,-76.5,350.4,
WC____492___,CIG,0,-71,355,
WC____492___,CIG,33,-72.5,353.4,
WC____492___,CIG,84,-73.2,359.8,
WC____492___,CIG,135,-73,8.1,
WC____492___,CIG,183,-73.2,13.2,
WC____492___,CIG,237,-73.2,17.2,
WC____492___,CIG,288,-73.4,21.7,
WC____492___,CIG,339,-73.5,24,
WC____492___,CIG,390,-73.1,24.9,
WC____492___,CIG,441,-72.7,25.8,
WC____492___,CIG,543,-73.1,29.2,
WC____492___,CIG,594,-73.4,30.4,
WC____492___,CIG,645,-73.3,32.1,
WC____495___,CIG,0,-75,345,
WC____495___,CIG,30,-75.3,345,
WC____495___,CIG,81,-75.7,349.1,
WC____495___,CIG,132,-76,356.6,
WC____495___,CIG,183,-76.1,359.5,
WC____495___,CIG,234,-76.2,359.8,
WC____495___,CIG,297,-77.5,0,
WC____495___,CIG,348,-77.4,1.2,
WC____495___,CIG,399,-77.8,6,
WC____495___,CIG,450,-78.4,8.8,
WC____495___,CIG,501,-78.2,11.1,
WC____495___,CIG,555,-78.4,13.3,
WC____495___,CIG,606,-78.8,13.9,
WC____495___,CIG,663,-79.1,17.4,
WC____498___,CIG,0,-75,345,
WC____498___,CIG,27,-75.6,344.6,
WC____498___,CIG,78,-75.7,347.7,
WC____498___,CIG,129,-76.5,350.4,
WC____498___,CIG,180,-76.3,352.8,
WC____498___,CIG,231,-76.5,355.7,
WC____498___,CIG,282,-76.8,359.8,
WC____498___,CIG,333,-77,3.1,
WC____498___,CIG,384,-77.4,5.4,
WC____498___,CIG,435,-77.9,8.4,
WC____498___,CIG,486,-77.9,11.3,
WC____498___,CIG,537,-77.8,14.8,
WC____498___,CIG,594,-78.1,16.9,
WC____498___,CIG,639,-78.3,21.1,
WC____498___,CIG,648,-78.3,21.2,
WC____499___,CIG,0,-58,345,
WC____499___,CIG,18,-58.5,345.3,
WC____499___,CIG,69,-58.8,347.1,
WC____499___,CIG,120,-58.2,349.8,
WC____499___,CIG,171,-58.4,350,
WC____499___,CIG,222,-58.3,350.8,
WC____499___,CIG,273,-57.8,341.8,
WC____499___,CIG,324,-57.8,351.8,
WC____499___,CIG,375,-57.2,351.8,
WC____499___,CIG,426,-57.2,351.9,
WC____499___,CIG,477,-56.9,352.1,
WC____499___,CIG,528,-57.1,351.7,
WC____499___,CIG,579,-57.3,353.6,
WC____499___,CIG,630,-55.9,354.3,
WC____504___,CIG,0,-71.2,350,
WC____504___,CIG,36,-71.27,346.04,
WC____504___,CIG,60,-71.62,345.77,
WC____504___,CIG,111,-71.9,346.06,
WC____504___,CIG,162,-72.16,349.03,
WC____504___,CIG,213,-72.38,350.84,
WC____504___,CIG,264,-72.66,356.03,
WC____504___,CIG,315,-72.47,355.55,
WC____504___,CIG,366,-72.35,359.51,
WC____504___,CIG,417,-72.24,1.1,
WC____504___,CIG,468,-72.64,2.89,
WC____504___,CIG,522,-72.53,6.51,
WC____504___,CIG,570,-72.54,7.72,
WC____504___,CIG,621,-72.43,8.96,
WC____504___,CIG,672,-72.33,11.11,
WC____504___,CIG,714,-72.74,11.38,
WC____506___,CIG,0,-75,345,
WC____506___,CIG,0,-75,359.6344,
WC____506___,CIG,24,-75.2,351.76,
WC____506___,CIG,75,-75.4,354.06,
WC____506___,CIG,126,-75.2,357.56,
WC____506___,CIG,177,-75.6,0.36,
WC____506___,CIG,228,-75.9,3.36,
WC____506___,CIG,279,-76.3,7.06,
WC____506___,CIG,330,-76.1,9.46,
WC____506___,CIG,381,-76.2,11.26,
WC____506___,CIG,432,-76.5,12.96,
WC____506___,CIG,483,-76.7,12.76,
WC____506___,CIG,534,-76.5,14.46,
WC____506___,CIG,573,-76.8,16.36,
WC____508___,CIG,0,-68,345,
WC____508___,CIG,0,-68,344.6344,
WC____508___,CIG,18,-67.8,352.46,
WC____508___,CIG,69,-67.4,355.86,
WC____508___,CIG,78,-67.6,356.56,
WC____508___,CIG,93,-67.5,357.26,
WC____508___,CIG,111,-67.7,358.56,
WC____508___,CIG,141,-67.9,0.86,
WC____508___,CIG,165,-68.3,1.86,
WC____508___,CIG,189,-68.5,3.76,
WC____508___,CIG,213,-68.8,5.26,
WC____508___,CIG,264,-68.9,9.86,
WC____508___,CIG,315,-69.3,13.86,
WC____508___,CIG,366,-69.6,17.76,
WC____508___,CIG,417,-70.2,22.26,
WC____508___,CIG,468,-70.8,25.26,
WC____508___,CIG,519,-71,25.56,
WC____508___,CIG,570,-70,26.56,
WC____508___,CIG,612,-69.8,26.96,
WC____510A__,CIG,0,-76,345,
WC____510A__,CIG,40,-75.9,352.26,
WC____510A__,CIG,91,-76,359.66,
WC____510A__,CIG,137,-76.1,360,
WC____510A__,CIG,142,-76.3,1.76,
WC____510A__,CIG,193,-76.1,1.76,
WC____510A__,CIG,244,-76.1,3.76,
WC____510A__,CIG,295,-75.8,6.76,
WC____510A__,CIG,346,-76,6.36,
WC____510A__,CIG,397,-76.3,10.46,
WC____510A__,CIG,444,-76.7,14.06,
WC____510A__,CIG,550,-76.7,16.06,
WC____512___,CIG,0,-76,345,
WC____512___,CIG,27,-76.5,344.76,
WC____512___,CIG,78,-76.7,349.16,
WC____512___,CIG,129,-76.8,355.86,
WC____512___,CIG,180,-77.1,358.36,
WC____512___,CIG,231,-77.1,1.06,
WC____512___,CIG,282,-77.1,6.26,
WC____512___,CIG,333,-77.7,3.56,
WC____512___,CIG,384,-78,12.76,
WC____512___,CIG,438,-78.7,16.46,
WC____512___,CIG,489,-78.7,18.36,
WC____512___,CIG,540,-79,18.86,
WC____512___,CIG,591,-79.1,19.06,
WC____512___,CIG,618,-79.3,18.36,
WC____514___,CIG,0,-72,340,
WC____514___,CIG,29,-72.6,346.36,
WC____514___,CIG,80,-72.5,349.06,
WC____514___,CIG,131,-72.6,352.46,
WC____514___,CIG,181,-72.5,354.76,
WC____514___,CIG,233,-72.3,356.26,
WC____514___,CIG,284.4,-72,358.36,
WC____514___,CIG,335.4,-71.7,358.96,
WC____514___,CIG,386.4,-71.8,359.36,
WC____514___,CIG,419,-70.3,0.86,
WC____514___,CIG,494,-71.9,0.46,
WC____514___,CIG,558.4,-71.8,0.66,
WC____514___,CIG,595.4,-71.8,3.6,
WC____518___,CIG,0,-80,340,
WC____518___,CIG,34.2,-81.3,332.26,
WC____518___,CIG,46.2,-81.63,333.35,
WC____518___,CIG,59,-80.7,337.66,
WC____518___,CIG,80.2,-80.5,336.66,
WC____518___,CIG,92,-80.7,339.56,
WC____518___,CIG,110,-80.6,340.86,
WC____518___,CIG,110.2,-80.3,343.86,
WC____518___,CIG,140.2,-80.8,343.96,
WC____518___,CIG,158,-80.6,343.66,
WC____518___,CIG,161,-79.1,346.86,
WC____518___,CIG,191.2,-79.3,343.56,
WC____518___,CIG,224,-79.2,345.26,
WC____518___,CIG,251,-79.5,345.96,
WC____518___,CIG,305.2,-79.31,350.55,
WC____518___,CIG,356,-79.68,347.41,
WC____518___,CIG,407.2,-79.47,353.66,
WC____518___,CIG,470.6,-80.65,350.31,
WC____518___,CIG,548.6,-80.29,358.03,
WC____520A__,CIG,0,-75,340,
WC____520A__,CIG,44.3,-74.7,340.36,
WC____520A__,CIG,95.3,-74.6,347.26,
WC____520A__,CIG,143.3,-74,355.16,
WC____520A__,CIG,197.3,-74,355.76,
WC____520A__,CIG,248,-73.5,357.66,
WC____520A__,CIG,299,-73.7,0.66,
WC____520A__,CIG,350.8,-73.6,3.66,
WC____520A__,CIG,401.7,-74.2,4.06,
WC____520A__,CIG,452.7,-74.5,7.56,
WC____520A__,CIG,504.7,-74.8,10.06,
WC____520A__,CIG,555.7,-74.5,10.16,
WC____520A__,CIG,606.7,-74.6,10.06,
WC____520A__,CIG,656.7,-74.8,9.16,
WC____520A__,CIG,680.7,-75.4,15.16,
WC____521___,CIG,0,-80,340,
WC____521___,CIG,23.4,-80.1,343.82,
WC____521___,CIG,74.8,-80.43,345.47,
WC____521___,CIG,125.8,-79.77,347.58,
WC____521___,CIG,176.8,-79.99,346.28,
WC____521___,CIG,227.8,-79.8,348.67,
WC____521___,CIG,275,-80.2,349.49,
WC____521___,CIG,329.8,-80.11,353.04,
WC____521___,CIG,380.8,-79.82,354.3,
WC____521___,CIG,431.8,-79.56,357.07,
WC____521___,CIG,482.8,-79.41,2.84,
WC____521___,CIG,533.8,-79.4,4.16,
WC____521___,CIG,554.8,-79.88,359.29,
WC____527___,CIG,0,-64,0,
WC____527___,CIG,22.7,-64.4,340.36,
WC____527___,CIG,74.1,-64.1,343.16,
WC____527___,CIG,125.1,-64.7,347.26,
WC____527___,CIG,176.1,-65.1,348.26,
WC____527___,CIG,227.1,-65.5,349.66,
WC____527___,CIG,266,-65.7,350.46,
WC____527___,CIG,278,-64.1,350.96,
WC____527___,CIG,308.1,-64.3,352.36,
WC____527___,CIG,338.2,-64.6,354.16,
WC____527___,CIG,368.1,-64.8,355.06,
WC____527___,CIG,437.1,-65.6,356.26,
WC____527___,CIG,490.1,-65.6,357.36,
WC____527___,CIG,527.1,-66.2,358.96,
WC____527___,CIG,572.1,-66.2,359.36,
WC____527___,CIG,623.1,-66.1,0.96,
WC____527___,CIG,674.1,-65.9,0.86,
WC____527___,CIG,725.1,-66,2.36,
WC____527___,CIG,776,-65.9,4.46,
WC____527___,CIG,827.1,-65.8,5.86,
WC____527___,CIG,878.1,-65.7,8.86,
ALX___006-1_,ALE,0,-80,75.0923,Collar
ALX___006-1_,ALE,38,-80.46,79.6883,Collar
ALX___006-1_,ALE,89,-80.03,79.8783,DeviShot
ALX___006-1_,ALE,140,-79.95,82.7383,DeviShot
ALX___006-1_,ALE,191,-79.42,81.0283,DeviShot
ALX___006-1_,ALE,242,-79.43,81.4483,DeviShot
ALX___006-1_,ALE,293,-79.8,84.6383,DeviShot
ALX___006-1_,ALE,344,-79.83,86.7283,DeviShot
ALX___006-1_,ALE,395,-79.99,87.0683,DeviShot
ALX___006-1_,ALE,449,-78.09,89.9183,DeviShot
ALX___006-1_,ALE,638,-78.8,88.7883,DeviShot
ALX___006-1_,ALE,689,-78.71,91.9283,DeviShot
ALX___006-1_,ALE,740,-78.57,91.7683,DeviShot
ALX___006-1_,ALE,788,-78.72,95.7483,DeviShot
ALX___007___,ALE,0,-80,75.0923,Collar
ALX___007___,ALE,20,-80.16,74.6683,Collar
ALX___007___,ALE,71,-79.93,73.4583,DeviShot
ALX___007___,ALE,122,-80.01,74.7483,DeviShot
ALX___007___,ALE,173,-79.72,77.4183,DeviShot
ALX___007___,ALE,224,-80.23,77.6283,DeviShot
ALX___007___,ALE,275,-80.6,78.9283,DeviShot
ALX___007___,ALE,326,-80.02,79.1683,DeviShot
ALX___007___,ALE,377,-80.07,80.1883,DeviShot
ALX___007___,ALE,428,-80.38,80.1983,DeviShot
ALX___007___,ALE,479,-80.32,80.7083,DeviShot
ALX___007___,ALE,611,-80.58,88.6383,DeviShot
ALX___007___,ALE,662,-80.61,88.1183,DeviShot
ALX___007___,ALE,713,-80.54,88.8983,DeviShot
ALX___007___,ALE,764,-80.62,90.1183,DeviShot
ALX___011___,ALE,0,-85,75.0916,Collar
ALX___011___,ALE,41,-85,64.6149,Collar
ALX___011___,ALE,92,-85.2,66.4706,EZ-Shot
ALX___011___,ALE,143,-85,72.2706,EZ-Shot
ALX___011___,ALE,194,-85.4,69.2706,EZ-Shot
ALX___011___,ALE,245,-85.1,73.6706,EZ-Shot
ALX___011___,ALE,296,-85,74.3706,EZ-Shot
ALX___011___,ALE,347,-85.1,73.8706,EZ-Shot
ALX___011___,ALE,398,-85.5,75.4706,EZ-Shot
ALX___011___,ALE,449,-85.6,76.6706,EZ-Shot
ALX___011___,ALE,500,-85.4,73.9706,EZ-Shot
ALX___011___,ALE,551,-85,76.5706,EZ-Shot
ALX___011___,ALE,602,-84.9,75.1706,EZ-Shot
ALX___011___,ALE,653,-84.7,75.1706,EZ-Shot
ALX___011___,ALE,704,-84.4,77.1706,EZ-Shot
HK18-86,HOK,0,-70.77,335.2463,UNKNOWN
HK18-86,HOK,5,-70.38,334.5663,UNKNOWN
HK18-86,HOK,10,-70.47,334.4063,UNKNOWN
HK18-86,HOK,15,-70.66,334.2263,UNKNOWN
HK18-86,HOK,20,-70.76,334.3363,UNKNOWN
HK18-86,HOK,25,-70.72,333.9563,UNKNOWN
HK18-86,HOK,30,-70.79,334.1363,UNKNOWN
HK18-86,HOK,35,-70.69,334.3763,UNKNOWN
HK18-86,HOK,40,-70.68,334.6163,UNKNOWN
HK18-86,HOK,45,-70.74,334.5263,UNKNOWN
HK18-86,HOK,50,-70.68,334.8863,UNKNOWN
HK18-86,HOK,55,-70.74,334.8463,UNKNOWN
HK18-86,HOK,60,-70.67,335.0563,UNKNOWN
HK18-86,HOK,65,-70.75,335.2763,UNKNOWN
HK18-86,HOK,70,-70.69,335.3663,UNKNOWN
HK18-86,HOK,75,-70.75,335.4563,UNKNOWN
HK18-86,HOK,80,-70.7,335.8963,UNKNOWN
HK18-86,HOK,85,-70.69,335.8263,UNKNOWN
HK18-86,HOK,90,-70.76,336.2163,UNKNOWN
HK18-86,HOK,95,-70.75,335.9763,UNKNOWN
HK18-86,HOK,100,-70.76,336.0163,UNKNOWN
HK18-86,HOK,105,-70.7,336.0763,UNKNOWN
HK18-86,HOK,110,-70.77,336.3663,UNKNOWN
HK18-86,HOK,115,-70.75,336.4663,UNKNOWN
HK18-86,HOK,120,-70.76,336.7263,UNKNOWN
HK18-86,HOK,125,-70.76,336.6663,UNKNOWN
HK18-86,HOK,130,-70.69,336.7963,UNKNOWN
HK18-86,HOK,135,-70.68,336.6663,UNKNOWN
HK18-86,HOK,140,-70.69,336.9063,UNKNOWN
HK18-86,HOK,145,-70.63,337.3263,UNKNOWN
HK18-86,HOK,150,-70.69,337.3463,UNKNOWN
HK18-86,HOK,155,-70.63,337.2063,UNKNOWN
HK18-86,HOK,160,-70.7,337.2563,UNKNOWN
HK18-86,HOK,165,-70.75,337.7663,UNKNOWN
HK18-86,HOK,170,-70.85,338.1963,UNKNOWN
HK18-86,HOK,175,-70.85,338.7663,UNKNOWN
HK18-86,HOK,180,-70.77,338.7363,UNKNOWN
HK18-86,HOK,185,-70.77,339.2263,UNKNOWN
HK18-86,HOK,190,-70.86,338.9963,UNKNOWN
HK18-86,HOK,195,-70.93,339.6463,UNKNOWN
HK18-86,HOK,200,-70.99,340.0463,UNKNOWN
HK18-86,HOK,205,-70.99,340.5163,UNKNOWN
HK18-86,HOK,210,-71.07,340.5363,UNKNOWN
HK18-86,HOK,215,-71.05,340.8263,UNKNOWN
HK18-86,HOK,220,-71.07,341.3763,UNKNOWN
HK18-86,HOK,225,-71.04,341.2763,UNKNOWN
HK18-86,HOK,230,-71.14,341.8063,UNKNOWN
HK18-86,HOK,235,-71.12,341.8763,UNKNOWN
HK18-86,HOK,240,-71.06,341.6763,UNKNOWN
HK18-86,HOK,245,-71.05,341.5563,UNKNOWN
HK18-86,HOK,250,-71.27,341.6563,UNKNOWN
HK18-86,HOK,255,-71.28,341.7563,UNKNOWN
HK18-86,HOK,260,-71.42,341.5263,UNKNOWN
HK18-86,HOK,265,-71.67,341.4763,UNKNOWN
HK18-86,HOK,270,-71.64,341.4563,UNKNOWN
HK18-86,HOK,275,-71.79,341.5763,UNKNOWN
HK18-86,HOK,280,-71.86,340.9763,UNKNOWN
HK18-86,HOK,285,-71.71,341.3563,UNKNOWN
HK18-86,HOK,290,-71.86,341.5663,UNKNOWN
HK18-86,HOK,295,-71.93,342.0063,UNKNOWN
HK18-86,HOK,300,-71.92,342.3763,UNKNOWN
HK18-86,HOK,305,-71.93,342.1663,UNKNOWN
HK18-86,HOK,310,-71.91,342.7963,UNKNOWN
HK18-86,HOK,320,-71.7,342.9763,UNKNOWN
HK18-86,HOK,371,-71.7,343.0763,UNKNOWN
HK18-86,HOK,422,-71.6,343.5763,UNKNOWN
HK18-86,HOK,473,-71.6,344.8763,UNKNOWN
SUE_D_Muon__,MCC,0,-72.5,285,Collar
SUE_D_Muon__,MCC,26,-73.02,290.44,Collar
SUE_D_Muon__,MCC,56,-72.96,290.95,EZ-TRAC
SUE_D_Muon__,MCC,86,-73.11,293.16,EZ-TRAC
SUE_D_Muon__,MCC,116,-73,292.52,EZ-TRAC
SUE_D_Muon__,MCC,146,-72.95,292.93,EZ-TRAC
SUE_D_Muon__,MCC,176,-73.19,292.22,EZ-TRAC
SUE_D_Muon__,MCC,206,-73.25,293.74,EZ-TRAC
SUE_D_Muon__,MCC,236,-73.2,293.01,EZ-TRAC
SUE_D_Muon__,MCC,266,-73.77,291.22,EZ-TRAC
SUE_D_Muon__,MCC,299,-73.63,294.2,EZ-TRAC
SUE_D_Muon__,MCC,314,-73.31,296.2,EZ-TRAC
NIKI___06___,NIK,0,-75,70.0917,Collar
NIKI___06___,NIK,17,-73.4,67.2817,Collar
NIKI___06___,NIK,71,-73.4,67.9817,EZ-Shot
NIKI___06___,NIK,122,-73.1,67.3817,EZ-Shot
NIKI___06___,NIK,173,-72.9,68.9817,EZ-Shot
NIKI___06___,NIK,224,-73.1,69.7817,EZ-Shot
NIKI___06___,NIK,275,-72.9,70.7817,EZ-Shot
NIKI___06___,NIK,326,-72.5,70.7817,EZ-Shot
NIKI___06___,NIK,377,-72.6,71.2817,EZ-Shot
NIKI___06___,NIK,428,-73,74.9817,EZ-Shot
NIKI___06___,NIK,488,-72.9,74.6817,EZ-Shot
NIKI___06___,NIK,539,-72.5,74.6817,EZ-Shot
NIKI___06___,NIK,590,-72.2,75.5817,EZ-Shot
NIKI___06___,NIK,641,-72.3,78.8817,EZ-Shot
NIKI___06___,NIK,692,-72.1,79.8817,EZ-Shot
NIKI___08___,NIK,0,-84,70.0914,Collar
NIKI___08___,NIK,26,-83.38,60.3454,Collar
NIKI___08___,NIK,77,-83.54,61.7754,DeviShot
NIKI___08___,NIK,128,-83.45,62.9054,DeviShot
NIKI___08___,NIK,179,-83.61,65.5054,DeviShot
NIKI___08___,NIK,230,-83.5,66.3654,DeviShot
NIKI___08___,NIK,281,-83.4,63.4954,DeviShot
NIKI___08___,NIK,332,-83.66,61.0854,DeviShot
NIKI___08___,NIK,383,-83.57,66.3754,DeviShot
NIKI___08___,NIK,527,-82.48,53.0254,DeviShot
NIKI___08___,NIK,578,-82.47,56.0454,DeviShot
NIKI___13-1_,NIK,0,-78,65.0919,Collar
NIKI___13-1_,NIK,35,-78.9,67.6699,Collar
NIKI___13-1_,NIK,86,-78.6,68.8699,EZ-Shot
NIKI___13-1_,NIK,137,-78.8,70.4699,EZ-Shot
NIKI___13-1_,NIK,188,-79,71.5699,EZ-Shot
NIKI___13-1_,NIK,239,-79,73.8699,EZ-Shot
NIKI___13-1_,NIK,290,-79,75.4699,EZ-Shot
NIKI___13-1_,NIK,341,-79,76.3699,EZ-Shot
NIKI___13-1_,NIK,392,-79,77.8699,EZ-Shot
NIKI___13-1_,NIK,437,-77.1,80.2699,EZ-Shot
NIKI___13-1_,NIK,563,-79.4,75.3699,EZ-Shot
NIKI___13-1_,NIK,614,-79.1,75.8699,EZ-Shot
NIKI___13-1_,NIK,665,-79,80.2699,EZ-Shot
NIKI___13-1_,NIK,716,-78.9,82.9699,EZ-Shot
NIKI___15___,NIK,0,-80,65.0914,Collar
NIKI___15___,NIK,50,-81.2,58.7694,Collar
NIKI___15___,NIK,59,-81.2,58.7694,EZ-Shot
NIKI___15___,NIK,110,-81.2,60.3694,EZ-Shot
NIKI___15___,NIK,152,-81,60.5694,EZ-Shot
NIKI___15___,NIK,200,-81.2,61.4694,EZ-Shot
NIKI___15___,NIK,251,-81,62.0694,EZ-Shot
NIKI___15___,NIK,302,-80.9,63.8694,EZ-Shot
NIKI___15___,NIK,359,-80.8,64.5694,EZ-Shot
NIKI___15___,NIK,500,-81.6,69.7694,EZ-Shot
NIKI___15___,NIK,557,-81.6,68.4694,EZ-Shot
